First_Reaction_Name,First_Reaction_ID,Second_Reaction_Name,Second_Reaction_ID,Second_Reaction_Author,ReactionsInSameDiagram?,Shared_Entity,Shared_Entity_Class,Shared_Entity_Relation_to_Second_Reaction,IsCyclic?,Logic,Value,Is _It_Curated?
"=HYPERLINK(""https://reactome.org/content/detail/R-HSA-1632843"",""AMBRA1 binds DYNLL1,DYNLL2"")",1632843,"=HYPERLINK(""https://reactome.org/content/detail/R-HSA-5678313"",""AMBRA1:DYNLL1,DYNLL2 binds BECN1 complex"")",5678313,"Jupe, S",Yes,"AMBRA1:DYNLL1,DYNLL2 [cytosol]",Complex,Input,False,AND,1,True
"=HYPERLINK(""https://reactome.org/content/detail/R-HSA-1632857"",""ULK1 phosphorylates AMBRA1:BECN1 complex"")",1632857,"=HYPERLINK(""https://reactome.org/content/detail/R-HSA-5678315"",""BECN1 complex, p-AMBRA1 dissociate from DYNLL1,DYNLL2"")",5678315,"Jupe, S",Yes,"BECN1 complex:p-AMBRA1:DYNLL1,DYNLL2 [cytosol]",Complex,Input,False,OR,0,True
"=HYPERLINK(""https://reactome.org/content/detail/R-HSA-5205649"",""p62 links damaged mitochondria to LC3"")",5205649,"=HYPERLINK(""https://reactome.org/content/detail/R-HSA-5205663"",""LC3 binds the autophagosome membrane Atg5-Atg12 complex"")",5205663,"Gillespie, ME",Yes,LC3:K48polyUB Mitophagy Substrates:SQSTM1 [cytosol],Complex,Input,False,AND,1,True
"=HYPERLINK(""https://reactome.org/content/detail/R-HSA-5205652"",""Pink1 recruits Parkin to the outer mitochondrial membrane."")",5205652,"=HYPERLINK(""https://reactome.org/content/detail/R-HSA-5205682"",""Parkin promotes the ubiquitination of mitochondrial substrates"")",5205682,"Gillespie, ME",Yes,PARK2:PINK1 [mitochondrial outer membrane],Complex,Catalyst,False,AND,1,True
"=HYPERLINK(""https://reactome.org/content/detail/R-HSA-5205661"",""Pink1 is recruited from the cytoplasm to the mitochondria"")",5205661,"=HYPERLINK(""https://reactome.org/content/detail/R-HSA-5205672"",""Uncleaved Pink1 accumulates in damaged mitochondria"")",5205672,"Gillespie, ME",Yes,PINK1 [mitochondrial intermembrane space],EntityWithAccessionedSequence,Input,False,OR,0,True
"=HYPERLINK(""https://reactome.org/content/detail/R-HSA-5205661"",""Pink1 is recruited from the cytoplasm to the mitochondria"")",5205661,"=HYPERLINK(""https://reactome.org/content/detail/R-HSA-5205681"",""Pink1 is cleaved on healthy mitochondria"")",5205681,"Gillespie, ME",Yes,PINK1 [mitochondrial intermembrane space],EntityWithAccessionedSequence,Input,False,OR,0,True
"=HYPERLINK(""https://reactome.org/content/detail/R-HSA-5205672"",""Uncleaved Pink1 accumulates in damaged mitochondria"")",5205672,"=HYPERLINK(""https://reactome.org/content/detail/R-HSA-5205652"",""Pink1 recruits Parkin to the outer mitochondrial membrane."")",5205652,"Gillespie, ME",Yes,PINK1 [mitochondrial outer membrane],EntityWithAccessionedSequence,Input,False,AND,1,True
"=HYPERLINK(""https://reactome.org/content/detail/R-HSA-5205673"",""p62 binds ubiquitinated mitochondrial substrates"")",5205673,"=HYPERLINK(""https://reactome.org/content/detail/R-HSA-5205649"",""p62 links damaged mitochondria to LC3"")",5205649,"Gillespie, ME",Yes,K48polyUB Mitophagy Substrates:SQSTM1 [mitochondrial outer membrane],Complex,Input,False,AND,1,True
"=HYPERLINK(""https://reactome.org/content/detail/R-HSA-5205682"",""Parkin promotes the ubiquitination of mitochondrial substrates"")",5205682,"=HYPERLINK(""https://reactome.org/content/detail/R-HSA-5205673"",""p62 binds ubiquitinated mitochondrial substrates"")",5205673,"Gillespie, ME",Yes,K48polyUb-MFN1 [mitochondrial outer membrane],EntityWithAccessionedSequence,Input,False,AND,1,True
"=HYPERLINK(""https://reactome.org/content/detail/R-HSA-5205682"",""Parkin promotes the ubiquitination of mitochondrial substrates"")",5205682,"=HYPERLINK(""https://reactome.org/content/detail/R-HSA-5205673"",""p62 binds ubiquitinated mitochondrial substrates"")",5205673,"Gillespie, ME",Yes,K48polyUb-MTERFD1 [mitochondrial outer membrane],EntityWithAccessionedSequence,Input,False,AND,1,True
"=HYPERLINK(""https://reactome.org/content/detail/R-HSA-5205682"",""Parkin promotes the ubiquitination of mitochondrial substrates"")",5205682,"=HYPERLINK(""https://reactome.org/content/detail/R-HSA-5205673"",""p62 binds ubiquitinated mitochondrial substrates"")",5205673,"Gillespie, ME",Yes,K48polyUb-VDAC1 [mitochondrial outer membrane],EntityWithAccessionedSequence,Input,False,AND,1,True
"=HYPERLINK(""https://reactome.org/content/detail/R-HSA-5205682"",""Parkin promotes the ubiquitination of mitochondrial substrates"")",5205682,"=HYPERLINK(""https://reactome.org/content/detail/R-HSA-5205673"",""p62 binds ubiquitinated mitochondrial substrates"")",5205673,"Gillespie, ME",Yes,K48polyUb-MFN2 [mitochondrial outer membrane],EntityWithAccessionedSequence,Input,False,AND,1,True
"=HYPERLINK(""https://reactome.org/content/detail/R-HSA-5665868"",""AMPK (complex) phosphorylates ULK1 (complex)"")",5665868,"=HYPERLINK(""https://reactome.org/content/detail/R-HSA-5672008"",""Thr-180 of ULK1 is phosphorylated"")",5672008,"Jupe, S",Yes,"p-AMPK heterotrimer:AMP:p-S317,467,556,638,T575-ULK1:ATG13:RB1CC1:ATG101 [cytosol]",Complex,Input,False,OR,0,True
"=HYPERLINK(""https://reactome.org/content/detail/R-HSA-5672008"",""Thr-180 of ULK1 is phosphorylated"")",5672008,"=HYPERLINK(""https://reactome.org/content/detail/R-HSA-5675868"",""ULK1 phosphorylates ATG13 and RB1CC1"")",5675868,"Jupe, S",Yes,"p-AMPK heterotrimer:AMP:p-T180,S317,467,556,638,T575-ULK1:ATG13:RB1CC1:ATG101 [cytosol]",Complex,Input,False,OR,0,True
"=HYPERLINK(""https://reactome.org/content/detail/R-HSA-5672010"",""Active MTORC1 phosphorylates ULK1"")",5672010,"=HYPERLINK(""https://reactome.org/content/detail/R-HSA-5673768"",""p-AMPK:AMP phosphorylates Raptor in the MTORC1 complex"")",5673768,"Jupe, S",Yes,MTORC1:RHEB:GTP:p-S758-ULK1:ATG13:RB1CC1:ATG101 [lysosomal membrane],Complex,Input,False,OR,0,True
"=HYPERLINK(""https://reactome.org/content/detail/R-HSA-5672011"",""p-AMPK:AMP binds the ULK complex"")",5672011,"=HYPERLINK(""https://reactome.org/content/detail/R-HSA-5665868"",""AMPK (complex) phosphorylates ULK1 (complex)"")",5665868,"Jupe, S",Yes,p-AMPK heterotrimer:AMP:ULK1:ATG13:RB1CC1:ATG101 [cytosol],Complex,Input,False,OR,0,True
"=HYPERLINK(""https://reactome.org/content/detail/R-HSA-5672817"",""Active MTORC1 binds the ULK1 complex"")",5672817,"=HYPERLINK(""https://reactome.org/content/detail/R-HSA-5672010"",""Active MTORC1 phosphorylates ULK1"")",5672010,"Jupe, S",Yes,MTORC1:RHEB:GTP:ULK1:ATG13:RB1CC1:ATG101 [lysosomal membrane],Complex,Input,False,OR,0,True
"=HYPERLINK(""https://reactome.org/content/detail/R-HSA-5673768"",""p-AMPK:AMP phosphorylates Raptor in the MTORC1 complex"")",5673768,"=HYPERLINK(""https://reactome.org/content/detail/R-HSA-5675790"",""MTORC1 dissociates from ULK complex"")",5675790,"Jupe, S",Yes,"MTORC1 with p-S722,S792-RPTOR:RHEB:GTP:p-S758-ULK1:ATG13:RB1CC1:ATG101 [lysosomal membrane]",Complex,Input,False,OR,0,True
"=HYPERLINK(""https://reactome.org/content/detail/R-HSA-5675790"",""MTORC1 dissociates from ULK complex"")",5675790,"=HYPERLINK(""https://reactome.org/content/detail/R-HSA-5683925"",""ULK1 is dephosphorylated"")",5683925,"Jupe, S",Yes,p-S758-ULK1:ATG13:RB1CC1:ATG101 [cytosol],Complex,Input,False,OR,0,True
"=HYPERLINK(""https://reactome.org/content/detail/R-HSA-5675868"",""ULK1 phosphorylates ATG13 and RB1CC1"")",5675868,"=HYPERLINK(""https://reactome.org/content/detail/R-HSA-5679239"",""ULK complex translocates to the ER"")",5679239,"Jupe, S",Yes,"p-AMPK heterotrimer:AMP:p-T180,S317,467,556,638,T575-ULK1:p-ATG13:p-RB1CC1:ATG101 [cytosol]",Complex,Input,False,AND,1,True
"=HYPERLINK(""https://reactome.org/content/detail/R-HSA-5678313"",""AMBRA1:DYNLL1,DYNLL2 binds BECN1 complex"")",5678313,"=HYPERLINK(""https://reactome.org/content/detail/R-HSA-1632857"",""ULK1 phosphorylates AMBRA1:BECN1 complex"")",1632857,"Jupe, S",Yes,"AMBRA1:DYNLL1,DYNLL2:BECN1 complex [cytosol]",Complex,Input,False,OR,0,True
"=HYPERLINK(""https://reactome.org/content/detail/R-HSA-5678315"",""BECN1 complex, p-AMBRA1 dissociate from DYNLL1,DYNLL2"")",5678315,"=HYPERLINK(""https://reactome.org/content/detail/R-HSA-5678313"",""AMBRA1:DYNLL1,DYNLL2 binds BECN1 complex"")",5678313,"Jupe, S",Yes,BECN1 complex [cytosol],Complex,Input,False,OR,0,True
"=HYPERLINK(""https://reactome.org/content/detail/R-HSA-5678315"",""BECN1 complex, p-AMBRA1 dissociate from DYNLL1,DYNLL2"")",5678315,"=HYPERLINK(""https://reactome.org/content/detail/R-HSA-5679266"",""Beclin-1 complex translocates to the ER"")",5679266,"Jupe, S",Yes,BECN1 complex [cytosol],Complex,Input,False,OR,0,True
"=HYPERLINK(""https://reactome.org/content/detail/R-HSA-5678490"",""ATG16L1 complex transfers LC3 from ATG3 to PE"")",5678490,"=HYPERLINK(""https://reactome.org/content/detail/R-HSA-5682377"",""LC3 de-lipidation by ATG4"")",5682377,"Jupe, S",Yes,LC3:PE [phagophore assembly site membrane],Complex,Input,False,OR,0,True
"=HYPERLINK(""https://reactome.org/content/detail/R-HSA-5678490"",""ATG16L1 complex transfers LC3 from ATG3 to PE"")",5678490,"=HYPERLINK(""https://reactome.org/content/detail/R-HSA-5682896"",""LC3:ATG7 dimer binds ATG3"")",5682896,"Jupe, S",Yes,ATG3 [cytosol],EntityWithAccessionedSequence,Input,False,AND,1,True
"=HYPERLINK(""https://reactome.org/content/detail/R-HSA-5678490"",""ATG16L1 complex transfers LC3 from ATG3 to PE"")",5678490,"=HYPERLINK(""https://reactome.org/content/detail/R-HSA-5682388"",""Autophagosome maturation"")",5682388,"Jupe, S",Yes,LC3:PE [phagophore assembly site membrane],Complex,Input,False,OR,0,True
"=HYPERLINK(""https://reactome.org/content/detail/R-HSA-5679205"",""ULK1 phosphorylates Beclin-1"")",5679205,"=HYPERLINK(""https://reactome.org/content/detail/R-HSA-5672012"",""Beclin-1 complex phosphorylates PtdIns"")",5672012,"Jupe, S",Yes,ATG14:PIK3C3:PIK3R4:p-S15-BECN1 [endoplasmic reticulum membrane],Complex,Input,False,OR,0,True
"=HYPERLINK(""https://reactome.org/content/detail/R-HSA-5679205"",""ULK1 phosphorylates Beclin-1"")",5679205,"=HYPERLINK(""https://reactome.org/content/detail/R-HSA-5682385"",""The phagophore extends from the PIP3-enriched structure"")",5682385,"Jupe, S",Yes,ATG14:PIK3C3:PIK3R4:p-S15-BECN1 [endoplasmic reticulum membrane],Complex,Input,False,OR,0,True
"=HYPERLINK(""https://reactome.org/content/detail/R-HSA-5679239"",""ULK complex translocates to the ER"")",5679239,"=HYPERLINK(""https://reactome.org/content/detail/R-HSA-5679205"",""ULK1 phosphorylates Beclin-1"")",5679205,"Jupe, S",Yes,"p-AMPK heterotrimer:AMP:p-T180,S317,467,556,638,T575-ULK1:ATG13:RB1CC1:ATG101 [endoplasmic reticulum membrane]",Complex,Catalyst,False,AND,1,True
"=HYPERLINK(""https://reactome.org/content/detail/R-HSA-5679239"",""ULK complex translocates to the ER"")",5679239,"=HYPERLINK(""https://reactome.org/content/detail/R-HSA-1632857"",""ULK1 phosphorylates AMBRA1:BECN1 complex"")",1632857,"Jupe, S",Yes,"p-AMPK heterotrimer:AMP:p-T180,S317,467,556,638,T575-ULK1:ATG13:RB1CC1:ATG101 [endoplasmic reticulum membrane]",Complex,Catalyst,False,AND,1,True
"=HYPERLINK(""https://reactome.org/content/detail/R-HSA-5679255"",""WIPI2 binds ATG12:ATG5:ATG16L"")",5679255,"=HYPERLINK(""https://reactome.org/content/detail/R-HSA-5678490"",""ATG16L1 complex transfers LC3 from ATG3 to PE"")",5678490,"Jupe, S",Yes,"ATG16L1 complex:WIPI2:PI(3,5)P2 [phagophore assembly site membrane]",Complex,Catalyst,False,AND,1,True
"=HYPERLINK(""https://reactome.org/content/detail/R-HSA-5679266"",""Beclin-1 complex translocates to the ER"")",5679266,"=HYPERLINK(""https://reactome.org/content/detail/R-HSA-5679205"",""ULK1 phosphorylates Beclin-1"")",5679205,"Jupe, S",Yes,Beclin-1 complex [endoplasmic reticulum membrane],Complex,Input,False,OR,0,True
"=HYPERLINK(""https://reactome.org/content/detail/R-HSA-5681980"",""ATG12 binds ATG7 dimer"")",5681980,"=HYPERLINK(""https://reactome.org/content/detail/R-HSA-9020616"",""ATG12 forms a thioester bond with ATG7 dimer"")",9020616,"Jupe, S",Yes,ATG12:ATG7 dimer [cytosol],Complex,Input,False,AND,1,True
"=HYPERLINK(""https://reactome.org/content/detail/R-HSA-5681981"",""ATG3 transfers LC3 from ATG7 to ATG3"")",5681981,"=HYPERLINK(""https://reactome.org/content/detail/R-HSA-5683593"",""ATG7:ATG3:LC3 dissociates"")",5683593,"Jupe, S",Yes,LC3:CysO263-ATG3:ATG7 dimer [cytosol],Complex,Input,False,OR,0,True
"=HYPERLINK(""https://reactome.org/content/detail/R-HSA-5681999"",""ATG10 transfers ATG12 from ATG7 to ATG10"")",5681999,"=HYPERLINK(""https://reactome.org/content/detail/R-HSA-5683583"",""ATG10:ATG12:ATG7 dimer dissociates"")",5683583,"Jupe, S",Yes,ATG7 dimer:GlyK166-ATG10:ATG12 [cytosol],Complex,Input,False,OR,0,True
"=HYPERLINK(""https://reactome.org/content/detail/R-HSA-5682010"",""ATG10:ATG12 binds ATG5"")",5682010,"=HYPERLINK(""https://reactome.org/content/detail/R-HSA-5683588"",""ATG10 transfers ATG12 from ATG10 to ATG5"")",5683588,"Jupe, S",Yes,ATG12:GlyK166-ATG10:ATG5 [cytosol],Complex,Input,False,AND,1,True
"=HYPERLINK(""https://reactome.org/content/detail/R-HSA-5682011"",""LC3 binds ATG7 dimer"")",5682011,"=HYPERLINK(""https://reactome.org/content/detail/R-HSA-5682896"",""LC3:ATG7 dimer binds ATG3"")",5682896,"Jupe, S",Yes,LC3:CysO572-ATG7:ATG7 [cytosol],Complex,Input,False,AND,1,True
"=HYPERLINK(""https://reactome.org/content/detail/R-HSA-5682012"",""ATG5:ATG12 binds ATG16L1"")",5682012,"=HYPERLINK(""https://reactome.org/content/detail/R-HSA-5679255"",""WIPI2 binds ATG12:ATG5:ATG16L"")",5679255,"Jupe, S",Yes,ATG16L1 complex [cytosol],Complex,Input,False,AND,1,True
"=HYPERLINK(""https://reactome.org/content/detail/R-HSA-5682690"",""ATG10 dissociates from ATG12:ATG5"")",5682690,"=HYPERLINK(""https://reactome.org/content/detail/R-HSA-5682893"",""ATG12:ATG7:CysO572-ATG7 binds ATG10"")",5682893,"Jupe, S",Yes,ATG10 [cytosol],EntityWithAccessionedSequence,Input,False,AND,1,True
"=HYPERLINK(""https://reactome.org/content/detail/R-HSA-5682690"",""ATG10 dissociates from ATG12:ATG5"")",5682690,"=HYPERLINK(""https://reactome.org/content/detail/R-HSA-5682012"",""ATG5:ATG12 binds ATG16L1"")",5682012,"Jupe, S",Yes,GlyK130-ATG5:ATG12 [cytosol],Complex,Input,False,AND,1,True
"=HYPERLINK(""https://reactome.org/content/detail/R-HSA-5682893"",""ATG12:ATG7:CysO572-ATG7 binds ATG10"")",5682893,"=HYPERLINK(""https://reactome.org/content/detail/R-HSA-5681999"",""ATG10 transfers ATG12 from ATG7 to ATG10"")",5681999,"Jupe, S",Yes,ATG12:ATG7:CysO572-ATG7:ATG10 [cytosol],Complex,Input,False,AND,1,True
"=HYPERLINK(""https://reactome.org/content/detail/R-HSA-5682896"",""LC3:ATG7 dimer binds ATG3"")",5682896,"=HYPERLINK(""https://reactome.org/content/detail/R-HSA-5681981"",""ATG3 transfers LC3 from ATG7 to ATG3"")",5681981,"Jupe, S",Yes,LC3:CysO572-ATG7:ATG7:ATG3 [cytosol],Complex,Input,False,AND,1,True
"=HYPERLINK(""https://reactome.org/content/detail/R-HSA-5683583"",""ATG10:ATG12:ATG7 dimer dissociates"")",5683583,"=HYPERLINK(""https://reactome.org/content/detail/R-HSA-5681980"",""ATG12 binds ATG7 dimer"")",5681980,"Jupe, S",Yes,ATG7 dimer [cytosol],Complex,Input,False,OR,0,True
"=HYPERLINK(""https://reactome.org/content/detail/R-HSA-5683583"",""ATG10:ATG12:ATG7 dimer dissociates"")",5683583,"=HYPERLINK(""https://reactome.org/content/detail/R-HSA-5682011"",""LC3 binds ATG7 dimer"")",5682011,"Jupe, S",Yes,ATG7 dimer [cytosol],Complex,Input,False,OR,0,True
"=HYPERLINK(""https://reactome.org/content/detail/R-HSA-5683583"",""ATG10:ATG12:ATG7 dimer dissociates"")",5683583,"=HYPERLINK(""https://reactome.org/content/detail/R-HSA-5682010"",""ATG10:ATG12 binds ATG5"")",5682010,"Jupe, S",Yes,ATG12:GlyK166-ATG10 [cytosol],Complex,Input,False,AND,1,True
"=HYPERLINK(""https://reactome.org/content/detail/R-HSA-5683588"",""ATG10 transfers ATG12 from ATG10 to ATG5"")",5683588,"=HYPERLINK(""https://reactome.org/content/detail/R-HSA-5682690"",""ATG10 dissociates from ATG12:ATG5"")",5682690,"Jupe, S",Yes,ATG10:GlyK130-ATG5:ATG12 [cytosol],Complex,Input,False,OR,0,True
"=HYPERLINK(""https://reactome.org/content/detail/R-HSA-5683593"",""ATG7:ATG3:LC3 dissociates"")",5683593,"=HYPERLINK(""https://reactome.org/content/detail/R-HSA-5681980"",""ATG12 binds ATG7 dimer"")",5681980,"Jupe, S",Yes,ATG7 dimer [cytosol],Complex,Input,False,OR,0,True
"=HYPERLINK(""https://reactome.org/content/detail/R-HSA-5683593"",""ATG7:ATG3:LC3 dissociates"")",5683593,"=HYPERLINK(""https://reactome.org/content/detail/R-HSA-5682011"",""LC3 binds ATG7 dimer"")",5682011,"Jupe, S",Yes,ATG7 dimer [cytosol],Complex,Input,False,OR,0,True
"=HYPERLINK(""https://reactome.org/content/detail/R-HSA-5683593"",""ATG7:ATG3:LC3 dissociates"")",5683593,"=HYPERLINK(""https://reactome.org/content/detail/R-HSA-5678490"",""ATG16L1 complex transfers LC3 from ATG3 to PE"")",5678490,"Jupe, S",Yes,CysO263-ATG3:LC3 [cytosol],Complex,Input,False,OR,0,True
"=HYPERLINK(""https://reactome.org/content/detail/R-HSA-5683925"",""ULK1 is dephosphorylated"")",5683925,"=HYPERLINK(""https://reactome.org/content/detail/R-HSA-5672817"",""Active MTORC1 binds the ULK1 complex"")",5672817,"Jupe, S",Yes,ULK1:ATG13:RB1CC1:ATG101 [cytosol],Complex,Input,False,OR,0,True
"=HYPERLINK(""https://reactome.org/content/detail/R-HSA-5683925"",""ULK1 is dephosphorylated"")",5683925,"=HYPERLINK(""https://reactome.org/content/detail/R-HSA-5672011"",""p-AMPK:AMP binds the ULK complex"")",5672011,"Jupe, S",Yes,ULK1:ATG13:RB1CC1:ATG101 [cytosol],Complex,Input,False,OR,0,True
"=HYPERLINK(""https://reactome.org/content/detail/R-HSA-8948039"",""FUNDC1 is phosphorylated by CK2"")",8948039,"=HYPERLINK(""https://reactome.org/content/detail/R-HSA-8948139"",""p-S13-FUNDC1 is dephosphorylated by PGAM5"")",8948139,"Gillespie, ME",Yes,p-S13-FUNDC1 [mitochondrial outer membrane],EntityWithAccessionedSequence,Input,True,OR,0,True
"=HYPERLINK(""https://reactome.org/content/detail/R-HSA-8948039"",""FUNDC1 is phosphorylated by CK2"")",8948039,"=HYPERLINK(""https://reactome.org/content/detail/R-HSA-8948143"",""p-S13, FUNDC1 is phosphorylated by CK2 at Tyr18"")",8948143,"Gillespie, ME",Yes,p-S13-FUNDC1 [mitochondrial outer membrane],EntityWithAccessionedSequence,Input,False,OR,0,True
"=HYPERLINK(""https://reactome.org/content/detail/R-HSA-8948136"",""ULK1 Translocates to the mitochondria"")",8948136,"=HYPERLINK(""https://reactome.org/content/detail/R-HSA-8948146"",""FUNDC1 is phosphorylated by ULK1 at Ser17"")",8948146,"Gillespie, ME",Yes,ULK1 [mitochondrial outer membrane],EntityWithAccessionedSequence,Catalyst,False,AND,1,True
"=HYPERLINK(""https://reactome.org/content/detail/R-HSA-8948139"",""p-S13-FUNDC1 is dephosphorylated by PGAM5"")",8948139,"=HYPERLINK(""https://reactome.org/content/detail/R-HSA-8948146"",""FUNDC1 is phosphorylated by ULK1 at Ser17"")",8948146,"Gillespie, ME",Yes,FUNDC1 [mitochondrial outer membrane],EntityWithAccessionedSequence,Input,False,OR,0,True
"=HYPERLINK(""https://reactome.org/content/detail/R-HSA-8948139"",""p-S13-FUNDC1 is dephosphorylated by PGAM5"")",8948139,"=HYPERLINK(""https://reactome.org/content/detail/R-HSA-8948039"",""FUNDC1 is phosphorylated by CK2"")",8948039,"Gillespie, ME",Yes,FUNDC1 [mitochondrial outer membrane],EntityWithAccessionedSequence,Input,True,OR,0,True
"=HYPERLINK(""https://reactome.org/content/detail/R-HSA-8948146"",""FUNDC1 is phosphorylated by ULK1 at Ser17"")",8948146,"=HYPERLINK(""https://reactome.org/content/detail/R-HSA-8959573"",""Phosphorylated FUNDC1 links damaged mitochondria to LC3"")",8959573,"Gillespie, ME",Yes,p-S17-FUNDC1 [mitochondrial outer membrane],EntityWithAccessionedSequence,Input,False,AND,1,True
"=HYPERLINK(""https://reactome.org/content/detail/R-HSA-8959573"",""Phosphorylated FUNDC1 links damaged mitochondria to LC3"")",8959573,"=HYPERLINK(""https://reactome.org/content/detail/R-HSA-8959571"",""LC3 binds the autophagosome membrane Atg5-Atg12 complex"")",8959571,"Gillespie, ME",Yes,p-S17-FUNDC1:LC3 [mitochondrial outer membrane],Complex,Input,False,AND,1,True
"=HYPERLINK(""https://reactome.org/content/detail/R-HSA-9020616"",""ATG12 forms a thioester bond with ATG7 dimer"")",9020616,"=HYPERLINK(""https://reactome.org/content/detail/R-HSA-5682893"",""ATG12:ATG7:CysO572-ATG7 binds ATG10"")",5682893,"Jupe, S",Yes,ATG12:ATG7:CysO572-ATG7 [cytosol],Complex,Input,False,AND,1,True
"=HYPERLINK(""https://reactome.org/content/detail/R-HSA-9613352"",""PLINs bind HSPA8"")",9613352,"=HYPERLINK(""https://reactome.org/content/detail/R-HSA-9613513"",""PLINs:HSPA8 binds PRKAA2"")",9613513,"Varusai, TM",Yes,PLINs:HSPA8 [lipid droplet],Complex,Input,False,AND,1,True
"=HYPERLINK(""https://reactome.org/content/detail/R-HSA-9613513"",""PLINs:HSPA8 binds PRKAA2"")",9613513,"=HYPERLINK(""https://reactome.org/content/detail/R-HSA-9613530"",""PRKAA2 phosphorylates PLINs"")",9613530,"Varusai, TM",Yes,PLINs:HSPA8:PRKAA2 [lipid droplet],Complex,Input,False,OR,0,True
"=HYPERLINK(""https://reactome.org/content/detail/R-HSA-9613530"",""PRKAA2 phosphorylates PLINs"")",9613530,"=HYPERLINK(""https://reactome.org/content/detail/R-HSA-9613565"",""PRKAA2 dissociate from p-PLINs:HSPA8"")",9613565,"Varusai, TM",Yes,p-PLINs:HSPA8:PRKAA2 [lipid droplet],Complex,Input,False,OR,0,True
"=HYPERLINK(""https://reactome.org/content/detail/R-HSA-9613565"",""PRKAA2 dissociate from p-PLINs:HSPA8"")",9613565,"=HYPERLINK(""https://reactome.org/content/detail/R-HSA-9613666"",""p-PLINs translocate from lipid droplet surface to cytosol"")",9613666,"Varusai, TM",Yes,p-PLINs:HSPA8 [lipid droplet],Complex,Input,False,AND,1,True
"=HYPERLINK(""https://reactome.org/content/detail/R-HSA-9613565"",""PRKAA2 dissociate from p-PLINs:HSPA8"")",9613565,"=HYPERLINK(""https://reactome.org/content/detail/R-HSA-9613513"",""PLINs:HSPA8 binds PRKAA2"")",9613513,"Varusai, TM",Yes,PRKAA2 [cytosol],EntityWithAccessionedSequence,Input,False,AND,1,True
"=HYPERLINK(""https://reactome.org/content/detail/R-HSA-9615721"",""HSPA8 binds substrate"")",9615721,"=HYPERLINK(""https://reactome.org/content/detail/R-HSA-9620197"",""HSPA8:Substrate binds LAMP2a"")",9620197,"Varusai, TM",Yes,HSPA8 bound autophagic substrates [cytosol],Complex,Input,False,OR,0,True
"=HYPERLINK(""https://reactome.org/content/detail/R-HSA-9615721"",""HSPA8 binds substrate"")",9615721,"=HYPERLINK(""https://reactome.org/content/detail/R-HSA-9631068"",""HSPA8:substrate binds late endosomal phospholipids"")",9631068,"Varusai, TM",No,HSPA8 bound autophagic substrates [cytosol],Complex,Input,False,OR,0,True
"=HYPERLINK(""https://reactome.org/content/detail/R-HSA-9620197"",""HSPA8:Substrate binds LAMP2a"")",9620197,"=HYPERLINK(""https://reactome.org/content/detail/R-HSA-9622840"",""HSPA8 dissociates from LAMP2A-bound substrate"")",9622840,"Varusai, TM",Yes,HSPA8:Substrate:LAMP2a [lysosomal membrane],Complex,Input,False,OR,0,True
"=HYPERLINK(""https://reactome.org/content/detail/R-HSA-9622831"",""Substrate:LAMP2a binds HSP90"")",9622831,"=HYPERLINK(""https://reactome.org/content/detail/R-HSA-9624158"",""Substrate:LAMP2a:HSP90 polymerizes"")",9624158,"Varusai, TM",Yes,Substrate:LAMP2a:HSP90 [lysosomal membrane],Complex,Input,False,AND,1,True
"=HYPERLINK(""https://reactome.org/content/detail/R-HSA-9622840"",""HSPA8 dissociates from LAMP2A-bound substrate"")",9622840,"=HYPERLINK(""https://reactome.org/content/detail/R-HSA-9615721"",""HSPA8 binds substrate"")",9615721,"Varusai, TM",Yes,HSPA8 [cytosol],EntityWithAccessionedSequence,Input,False,OR,0,True
"=HYPERLINK(""https://reactome.org/content/detail/R-HSA-9622840"",""HSPA8 dissociates from LAMP2A-bound substrate"")",9622840,"=HYPERLINK(""https://reactome.org/content/detail/R-HSA-9622831"",""Substrate:LAMP2a binds HSP90"")",9622831,"Varusai, TM",Yes,Substrate:LAMP2a [lysosomal membrane],Complex,Input,False,AND,1,True
"=HYPERLINK(""https://reactome.org/content/detail/R-HSA-9622840"",""HSPA8 dissociates from LAMP2A-bound substrate"")",9622840,"=HYPERLINK(""https://reactome.org/content/detail/R-HSA-9626253"",""HSPA8 binds LAMP2a multimers"")",9626253,"Varusai, TM",Yes,HSPA8 [cytosol],EntityWithAccessionedSequence,Input,False,OR,0,True
"=HYPERLINK(""https://reactome.org/content/detail/R-HSA-9622840"",""HSPA8 dissociates from LAMP2A-bound substrate"")",9622840,"=HYPERLINK(""https://reactome.org/content/detail/R-HSA-9613352"",""PLINs bind HSPA8"")",9613352,"Varusai, TM",No,HSPA8 [cytosol],EntityWithAccessionedSequence,Input,False,OR,0,True
"=HYPERLINK(""https://reactome.org/content/detail/R-HSA-9624158"",""Substrate:LAMP2a:HSP90 polymerizes"")",9624158,"=HYPERLINK(""https://reactome.org/content/detail/R-HSA-9625197"",""GFAP binds LAMP2a multimer"")",9625197,"Varusai, TM",Yes,LAMP2a multimer complex [lysosomal membrane],Polymer,Input,False,AND,1,True
"=HYPERLINK(""https://reactome.org/content/detail/R-HSA-9625188"",""HSPA8 transports unfolded substrate to lysosomal lumen for degradation"")",9625188,"=HYPERLINK(""https://reactome.org/content/detail/R-HSA-9626060"",""HSPA8:Substrate dissociates from LAMP2a multimer"")",9626060,"Varusai, TM",Yes,HSPA8:LAMP2a multimeric complex [lysosomal membrane],Complex,Input,False,OR,0,True
"=HYPERLINK(""https://reactome.org/content/detail/R-HSA-9625196"",""Unfolded substrate in LAMP2a multimeric complex binds HSPA8"")",9625196,"=HYPERLINK(""https://reactome.org/content/detail/R-HSA-9625188"",""HSPA8 transports unfolded substrate to lysosomal lumen for degradation"")",9625188,"Varusai, TM",Yes,HSPA8:LAMP2a multimeric complex [lysosomal membrane],Complex,Input,False,AND,1,True
"=HYPERLINK(""https://reactome.org/content/detail/R-HSA-9625197"",""GFAP binds LAMP2a multimer"")",9625197,"=HYPERLINK(""https://reactome.org/content/detail/R-HSA-9625196"",""Unfolded substrate in LAMP2a multimeric complex binds HSPA8"")",9625196,"Varusai, TM",Yes,LAMP2a multimer complex:GFAP [lysosomal membrane],Complex,Input,False,AND,1,True
"=HYPERLINK(""https://reactome.org/content/detail/R-HSA-9626034"",""EEF1A1 dissociates from p-GFAP"")",9626034,"=HYPERLINK(""https://reactome.org/content/detail/R-HSA-9626038"",""EEF1A1 binds GTP"")",9626038,"Varusai, TM",Yes,EEF1A1 [lysosomal membrane],EntityWithAccessionedSequence,Input,False,OR,0,True
"=HYPERLINK(""https://reactome.org/content/detail/R-HSA-9626034"",""EEF1A1 dissociates from p-GFAP"")",9626034,"=HYPERLINK(""https://reactome.org/content/detail/R-HSA-9626039"",""pGFAP binds GFAP in LAMP2a multimer"")",9626039,"Varusai, TM",Yes,p-GFAP [lysosomal membrane],EntityWithAccessionedSequence,Input,False,OR,0,True
"=HYPERLINK(""https://reactome.org/content/detail/R-HSA-9626034"",""EEF1A1 dissociates from p-GFAP"")",9626034,"=HYPERLINK(""https://reactome.org/content/detail/R-HSA-9626046"",""p-GFAP binds EEF1A1"")",9626046,"Varusai, TM",Yes,p-GFAP [lysosomal membrane],EntityWithAccessionedSequence,Input,True,OR,0,True
"=HYPERLINK(""https://reactome.org/content/detail/R-HSA-9626034"",""EEF1A1 dissociates from p-GFAP"")",9626034,"=HYPERLINK(""https://reactome.org/content/detail/R-HSA-9626046"",""p-GFAP binds EEF1A1"")",9626046,"Varusai, TM",Yes,EEF1A1 [lysosomal membrane],EntityWithAccessionedSequence,Input,True,OR,0,True
"=HYPERLINK(""https://reactome.org/content/detail/R-HSA-9626038"",""EEF1A1 binds GTP"")",9626038,"=HYPERLINK(""https://reactome.org/content/detail/R-HSA-9626067"",""EEF1A1:GTP translocates from lysosomal membrane to cytosol"")",9626067,"Varusai, TM",Yes,EEF1A1:GTP [lysosomal membrane],Complex,Input,False,AND,1,True
"=HYPERLINK(""https://reactome.org/content/detail/R-HSA-9626039"",""pGFAP binds GFAP in LAMP2a multimer"")",9626039,"=HYPERLINK(""https://reactome.org/content/detail/R-HSA-9626242"",""p-GFAP:GFAP dissociates from LAMP2a multimer"")",9626242,"Varusai, TM",Yes,p-GFAP:GFAP:LAMP2a multimer [lysosomal membrane],Complex,Input,False,OR,0,True
"=HYPERLINK(""https://reactome.org/content/detail/R-HSA-9626046"",""p-GFAP binds EEF1A1"")",9626046,"=HYPERLINK(""https://reactome.org/content/detail/R-HSA-9626034"",""EEF1A1 dissociates from p-GFAP"")",9626034,"Varusai, TM",Yes,p-GFAP:EEF1A1 [lysosomal membrane],Complex,Input,True,OR,0,True
"=HYPERLINK(""https://reactome.org/content/detail/R-HSA-9626060"",""HSPA8:Substrate dissociates from LAMP2a multimer"")",9626060,"=HYPERLINK(""https://reactome.org/content/detail/R-HSA-9626039"",""pGFAP binds GFAP in LAMP2a multimer"")",9626039,"Varusai, TM",Yes,LAMP2a multimer complex:GFAP [lysosomal membrane],Complex,Input,False,AND,1,True
"=HYPERLINK(""https://reactome.org/content/detail/R-HSA-9626235"",""HSPA8 dissociates from LAMP2a"")",9626235,"=HYPERLINK(""https://reactome.org/content/detail/R-HSA-9626276"",""HSP90 dissociates from LAMP2a"")",9626276,"Varusai, TM",Yes,LAMP2a:HSP90 [lysosomal membrane],Complex,Input,False,OR,0,True
"=HYPERLINK(""https://reactome.org/content/detail/R-HSA-9626235"",""HSPA8 dissociates from LAMP2a"")",9626235,"=HYPERLINK(""https://reactome.org/content/detail/R-HSA-9615721"",""HSPA8 binds substrate"")",9615721,"Varusai, TM",Yes,HSPA8 [cytosol],EntityWithAccessionedSequence,Input,False,OR,0,True
"=HYPERLINK(""https://reactome.org/content/detail/R-HSA-9626235"",""HSPA8 dissociates from LAMP2a"")",9626235,"=HYPERLINK(""https://reactome.org/content/detail/R-HSA-9626253"",""HSPA8 binds LAMP2a multimers"")",9626253,"Varusai, TM",Yes,HSPA8 [cytosol],EntityWithAccessionedSequence,Input,False,OR,0,True
"=HYPERLINK(""https://reactome.org/content/detail/R-HSA-9626235"",""HSPA8 dissociates from LAMP2a"")",9626235,"=HYPERLINK(""https://reactome.org/content/detail/R-HSA-9613352"",""PLINs bind HSPA8"")",9613352,"Varusai, TM",No,HSPA8 [cytosol],EntityWithAccessionedSequence,Input,False,OR,0,True
"=HYPERLINK(""https://reactome.org/content/detail/R-HSA-9626242"",""p-GFAP:GFAP dissociates from LAMP2a multimer"")",9626242,"=HYPERLINK(""https://reactome.org/content/detail/R-HSA-9626253"",""HSPA8 binds LAMP2a multimers"")",9626253,"Varusai, TM",Yes,LAMP2a multimer complex [lysosomal lumen],Polymer,Input,False,AND,1,True
"=HYPERLINK(""https://reactome.org/content/detail/R-HSA-9626253"",""HSPA8 binds LAMP2a multimers"")",9626253,"=HYPERLINK(""https://reactome.org/content/detail/R-HSA-9626256"",""HSPA8:LAMP2a multimers depolymerizes to monomers"")",9626256,"Varusai, TM",Yes,HSPA8:LAMP2a multimers [cytosol],Polymer,Input,False,AND,1,True
"=HYPERLINK(""https://reactome.org/content/detail/R-HSA-9626256"",""HSPA8:LAMP2a multimers depolymerizes to monomers"")",9626256,"=HYPERLINK(""https://reactome.org/content/detail/R-HSA-9626235"",""HSPA8 dissociates from LAMP2a"")",9626235,"Varusai, TM",Yes,HSPA8:LAMP2a multimers [lysosomal membrane],Complex,Input,False,OR,0,True
"=HYPERLINK(""https://reactome.org/content/detail/R-HSA-9626276"",""HSP90 dissociates from LAMP2a"")",9626276,"=HYPERLINK(""https://reactome.org/content/detail/R-HSA-9620197"",""HSPA8:Substrate binds LAMP2a"")",9620197,"Varusai, TM",Yes,LAMP2 [lysosomal membrane],EntityWithAccessionedSequence,Input,False,AND,1,True
"=HYPERLINK(""https://reactome.org/content/detail/R-HSA-9631068"",""HSPA8:substrate binds late endosomal phospholipids"")",9631068,"=HYPERLINK(""https://reactome.org/content/detail/R-HSA-9631065"",""Substrate translocates into late endosomal lumen"")",9631065,"Varusai, TM",Yes,PL:HSPA8:Autophagy substrate [late endosome membrane],Complex,Input,False,OR,0,True
"=HYPERLINK(""https://reactome.org/content/detail/R-HSA-9640480"",""E2 enzyme UBE2N:UBE2V1 binds ubiquitin"")",9640480,"=HYPERLINK(""https://reactome.org/content/detail/R-HSA-9641089"",""Parkin binds Ub:UBE2N:UBE2V1"")",9641089,"Varusai, TM",Yes,Ub:UBE2N:UBE2V1 [cytosol],Complex,Input,False,AND,1,True
"=HYPERLINK(""https://reactome.org/content/detail/R-HSA-9641089"",""Parkin binds Ub:UBE2N:UBE2V1"")",9641089,"=HYPERLINK(""https://reactome.org/content/detail/R-HSA-9641096"",""Misfolded proteins bind PRKN:UBE2N:UBE2V1:Ub"")",9641096,"Varusai, TM",Yes,Ub:UBE2N:UBE2V1:PRKN [cytosol],Complex,Input,False,AND,1,True
"=HYPERLINK(""https://reactome.org/content/detail/R-HSA-9641096"",""Misfolded proteins bind PRKN:UBE2N:UBE2V1:Ub"")",9641096,"=HYPERLINK(""https://reactome.org/content/detail/R-HSA-9641111"",""Parkin transfers Ub to misfolded proteins"")",9641111,"Varusai, TM",Yes,Misfolded proteins:PRKN:UBE2N:UBE2V1:Ub [cytosol],Complex,Input,False,AND,1,True
"=HYPERLINK(""https://reactome.org/content/detail/R-HSA-9641111"",""Parkin transfers Ub to misfolded proteins"")",9641111,"=HYPERLINK(""https://reactome.org/content/detail/R-HSA-9641127"",""Ub:misfolded proteins polymerize to PolyUb:misfolded proteins"")",9641127,"Varusai, TM",Yes,Ub:Misfolded proteins:PRKN:UBE2N:UBE2V1 [cytosol],Complex,Input,False,AND,1,True
"=HYPERLINK(""https://reactome.org/content/detail/R-HSA-9641127"",""Ub:misfolded proteins polymerize to PolyUb:misfolded proteins"")",9641127,"=HYPERLINK(""https://reactome.org/content/detail/R-HSA-9641109"",""PolyUb:misfolded proteins dissociate from PRKN:UBE2N:UBE2V1"")",9641109,"Varusai, TM",Yes,PolyUb:Misfolded proteins:PRKN:UBE2N:UBE2V1 [cytosol],Complex,Input,False,OR,0,True
"=HYPERLINK(""https://reactome.org/content/detail/R-HSA-9646347"",""PolyUb-misfolded proteins bind VCP:HDAC6:HSP90:HSF1"")",9646347,"=HYPERLINK(""https://reactome.org/content/detail/R-HSA-9646354"",""PolyUb-Misfolded Proteins:HDAC6 dissociate from complex"")",9646354,"Varusai, TM",Yes,VCP:PolyUb-Misfolded Proteins:HDAC6:HSP90:HSF1 [cytosol],Complex,Input,False,OR,0,True
"=HYPERLINK(""https://reactome.org/content/detail/R-HSA-9646348"",""PolyUb-Misfolded Proteins:HDAC6 bind dynein motor"")",9646348,"=HYPERLINK(""https://reactome.org/content/detail/R-HSA-9646390"",""Misfolded proteins:HDAC6:Dynein motor binds microtubule"")",9646390,"Varusai, TM",Yes,PolyUb-Misfolded Proteins:HDAC6:Dynein complex [cytosol],Complex,Input,False,AND,1,True
"=HYPERLINK(""https://reactome.org/content/detail/R-HSA-9646354"",""PolyUb-Misfolded Proteins:HDAC6 dissociate from complex"")",9646354,"=HYPERLINK(""https://reactome.org/content/detail/R-HSA-9646348"",""PolyUb-Misfolded Proteins:HDAC6 bind dynein motor"")",9646348,"Varusai, TM",Yes,PolyUb-Misfolded Proteins:HDAC6 [cytosol],Complex,Input,False,AND,1,True
"=HYPERLINK(""https://reactome.org/content/detail/R-HSA-9646383"",""Dynein motors transport misfolded proteins"")",9646383,"=HYPERLINK(""https://reactome.org/content/detail/R-HSA-9646679"",""PolyUb-Misfolded proteins bind vimentin to form aggresome"")",9646679,"Varusai, TM",Yes,PolyUb-Misfolded Proteins:HDAC6:Microtubule:Dynein complex [microtubule organizing center],Complex,Input,False,AND,1,True
"=HYPERLINK(""https://reactome.org/content/detail/R-HSA-9646390"",""Misfolded proteins:HDAC6:Dynein motor binds microtubule"")",9646390,"=HYPERLINK(""https://reactome.org/content/detail/R-HSA-9646383"",""Dynein motors transport misfolded proteins"")",9646383,"Varusai, TM",Yes,PolyUb-Misfolded Proteins:HDAC6:Microtubule:Dynein complex [cytosol],Complex,Input,False,AND,1,True
"=HYPERLINK(""https://reactome.org/content/detail/R-HSA-9646679"",""PolyUb-Misfolded proteins bind vimentin to form aggresome"")",9646679,"=HYPERLINK(""https://reactome.org/content/detail/R-HSA-9646685"",""Aggresome dissociates from dynein and microtubule"")",9646685,"Varusai, TM",Yes,Poly-vimentin:PolyUb-Misfolded Proteins:HDAC6:Microtubule:Dynein complex [microtubule organizing center],Complex,Input,False,OR,0,True
"=HYPERLINK(""https://reactome.org/content/detail/R-HSA-9646685"",""Aggresome dissociates from dynein and microtubule"")",9646685,"=HYPERLINK(""https://reactome.org/content/detail/R-HSA-9646390"",""Misfolded proteins:HDAC6:Dynein motor binds microtubule"")",9646390,"Varusai, TM",Yes,Microtubule [cytosol],Complex,Input,False,AND,1,True
"=HYPERLINK(""https://reactome.org/content/detail/R-HSA-9646685"",""Aggresome dissociates from dynein and microtubule"")",9646685,"=HYPERLINK(""https://reactome.org/content/detail/R-HSA-9646348"",""PolyUb-Misfolded Proteins:HDAC6 bind dynein motor"")",9646348,"Varusai, TM",Yes,Dynein complex [cytosol],Complex,Input,False,AND,1,True
"=HYPERLINK(""https://reactome.org/content/detail/R-HSA-9664850"",""ATM binds PEX5"")",9664850,"=HYPERLINK(""https://reactome.org/content/detail/R-HSA-9664883"",""ATM:PEX5 translocates from cytosol to peroxisomal membrane"")",9664883,"Varusai, TM",Yes,ATM:PEX5 [cytosol],Complex,Input,False,AND,1,True
"=HYPERLINK(""https://reactome.org/content/detail/R-HSA-9664862"",""ATM dimer:PEX5 phosphorylates PEX5"")",9664862,"=HYPERLINK(""https://reactome.org/content/detail/R-HSA-9664888"",""ATM dimer:p-PEX5 ubiquitinates to form ATM dimer:Ub-p-PEX5"")",9664888,"Varusai, TM",Yes,ATM dimer:p-PEX5 [peroxisomal membrane],Complex,Input,False,AND,1,True
"=HYPERLINK(""https://reactome.org/content/detail/R-HSA-9664871"",""NBR1 translocates from cytosol to perixosomal membrane"")",9664871,"=HYPERLINK(""https://reactome.org/content/detail/R-HSA-9664881"",""NBR1 binds ATM:Ub-p-PEX5:SQSTM1"")",9664881,"Varusai, TM",Yes,NBR1 [peroxisomal membrane],EntityWithAccessionedSequence,Input,False,OR,0,True
"=HYPERLINK(""https://reactome.org/content/detail/R-HSA-9664871"",""NBR1 translocates from cytosol to perixosomal membrane"")",9664871,"=HYPERLINK(""https://reactome.org/content/detail/R-HSA-9664867"",""NBR1 binds MAP1LC3B"")",9664867,"Varusai, TM",Yes,NBR1 [peroxisomal membrane],EntityWithAccessionedSequence,Input,False,OR,0,True
"=HYPERLINK(""https://reactome.org/content/detail/R-HSA-9664879"",""ATM:PEX5 binds ATM"")",9664879,"=HYPERLINK(""https://reactome.org/content/detail/R-HSA-9664862"",""ATM dimer:PEX5 phosphorylates PEX5"")",9664862,"Varusai, TM",Yes,ATM dimer:PEX5 [peroxisomal membrane],Complex,Input,False,AND,1,True
"=HYPERLINK(""https://reactome.org/content/detail/R-HSA-9664881"",""NBR1 binds ATM:Ub-p-PEX5:SQSTM1"")",9664881,"=HYPERLINK(""https://reactome.org/content/detail/R-HSA-9664880"",""MAP1LC3B binds ATM dimer:Ub-p-PEX5:SQSTM1:NBR1"")",9664880,"Varusai, TM",Yes,ATM dimer:Ub-p-PEX5:SQSTM1:NBR1 [peroxisomal membrane],Complex,Input,False,AND,1,True
"=HYPERLINK(""https://reactome.org/content/detail/R-HSA-9664883"",""ATM:PEX5 translocates from cytosol to peroxisomal membrane"")",9664883,"=HYPERLINK(""https://reactome.org/content/detail/R-HSA-9664879"",""ATM:PEX5 binds ATM"")",9664879,"Varusai, TM",Yes,ATM:PEX5 [peroxisomal membrane],Complex,Input,False,AND,1,True
"=HYPERLINK(""https://reactome.org/content/detail/R-HSA-9664888"",""ATM dimer:p-PEX5 ubiquitinates to form ATM dimer:Ub-p-PEX5"")",9664888,"=HYPERLINK(""https://reactome.org/content/detail/R-HSA-9674131"",""USP30 binds ATM dimer:Ub-p-PEX5"")",9674131,"Varusai, TM",Yes,ATM dimer:Ub-p-PEX5 [peroxisomal membrane],Complex,Input,False,OR,0,True
"=HYPERLINK(""https://reactome.org/content/detail/R-HSA-9664888"",""ATM dimer:p-PEX5 ubiquitinates to form ATM dimer:Ub-p-PEX5"")",9664888,"=HYPERLINK(""https://reactome.org/content/detail/R-HSA-9664892"",""SQSTM1 binds ATM dimer:Ub-p-PEX5"")",9664892,"Varusai, TM",Yes,ATM dimer:Ub-p-PEX5 [peroxisomal membrane],Complex,Input,False,OR,0,True
"=HYPERLINK(""https://reactome.org/content/detail/R-HSA-9664892"",""SQSTM1 binds ATM dimer:Ub-p-PEX5"")",9664892,"=HYPERLINK(""https://reactome.org/content/detail/R-HSA-9664881"",""NBR1 binds ATM:Ub-p-PEX5:SQSTM1"")",9664881,"Varusai, TM",Yes,ATM dimer:Ub-p-PEX5:SQSTM1 [peroxisomal membrane],Complex,Input,False,OR,0,True
"=HYPERLINK(""https://reactome.org/content/detail/R-HSA-9664892"",""SQSTM1 binds ATM dimer:Ub-p-PEX5"")",9664892,"=HYPERLINK(""https://reactome.org/content/detail/R-HSA-9664855"",""MAP1LC3B binds ATM dimer:Ub-p-PEX5:SQSTM1"")",9664855,"Varusai, TM",Yes,ATM dimer:Ub-p-PEX5:SQSTM1 [peroxisomal membrane],Complex,Input,False,OR,0,True
"=HYPERLINK(""https://reactome.org/content/detail/R-HSA-9674127"",""USP30 deubiquitinates ATM dimer:Ub-p-PEX5"")",9674127,"=HYPERLINK(""https://reactome.org/content/detail/R-HSA-9664888"",""ATM dimer:p-PEX5 ubiquitinates to form ATM dimer:Ub-p-PEX5"")",9664888,"Varusai, TM",Yes,ATM dimer:p-PEX5 [peroxisomal membrane],Complex,Input,False,AND,1,True
"=HYPERLINK(""https://reactome.org/content/detail/R-HSA-9674131"",""USP30 binds ATM dimer:Ub-p-PEX5"")",9674131,"=HYPERLINK(""https://reactome.org/content/detail/R-HSA-9674127"",""USP30 deubiquitinates ATM dimer:Ub-p-PEX5"")",9674127,"Varusai, TM",Yes,ATM dimer:Ub-p-PEX5:USP30 [peroxisomal membrane],Complex,Input,False,OR,0,True
"=HYPERLINK(""https://reactome.org/content/detail/R-HSA-5678315"",""BECN1 complex, p-AMBRA1 dissociate from DYNLL1,DYNLL2"")",5678315,"=HYPERLINK(""https://reactome.org/content/detail/R-HSA-1632843"",""AMBRA1 binds DYNLL1,DYNLL2"")",1632843,"Jupe, S",Yes,DYNLL1 [cytosol],EntityWithAccessionedSequence,Input,False,AND,1,True
"=HYPERLINK(""https://reactome.org/content/detail/R-HSA-5678315"",""BECN1 complex, p-AMBRA1 dissociate from DYNLL1,DYNLL2"")",5678315,"=HYPERLINK(""https://reactome.org/content/detail/R-HSA-1632843"",""AMBRA1 binds DYNLL1,DYNLL2"")",1632843,"Jupe, S",Yes,DYNLL2 [cytosol],EntityWithAccessionedSequence,Input,False,AND,1,True
"=HYPERLINK(""https://reactome.org/content/detail/R-HSA-5681987"",""LC3 is cleaved by ATG4"")",5681987,"=HYPERLINK(""https://reactome.org/content/detail/R-HSA-5682011"",""LC3 binds ATG7 dimer"")",5682011,"Jupe, S",Yes,GABARAPL3 [cytosol],EntityWithAccessionedSequence,Input,False,AND,1,True
"=HYPERLINK(""https://reactome.org/content/detail/R-HSA-5681987"",""LC3 is cleaved by ATG4"")",5681987,"=HYPERLINK(""https://reactome.org/content/detail/R-HSA-5682011"",""LC3 binds ATG7 dimer"")",5682011,"Jupe, S",Yes,MAP1LC3C [cytosol],EntityWithAccessionedSequence,Input,False,AND,1,True
"=HYPERLINK(""https://reactome.org/content/detail/R-HSA-5681987"",""LC3 is cleaved by ATG4"")",5681987,"=HYPERLINK(""https://reactome.org/content/detail/R-HSA-5682011"",""LC3 binds ATG7 dimer"")",5682011,"Jupe, S",Yes,MAP1LC3A [cytosol],EntityWithAccessionedSequence,Input,False,OR,0,True
"=HYPERLINK(""https://reactome.org/content/detail/R-HSA-5681987"",""LC3 is cleaved by ATG4"")",5681987,"=HYPERLINK(""https://reactome.org/content/detail/R-HSA-5682011"",""LC3 binds ATG7 dimer"")",5682011,"Jupe, S",Yes,GABARAPL2 [cytosol],EntityWithAccessionedSequence,Input,False,AND,1,True
"=HYPERLINK(""https://reactome.org/content/detail/R-HSA-5681987"",""LC3 is cleaved by ATG4"")",5681987,"=HYPERLINK(""https://reactome.org/content/detail/R-HSA-5682011"",""LC3 binds ATG7 dimer"")",5682011,"Jupe, S",Yes,GABARAPL1 [cytosol],EntityWithAccessionedSequence,Input,False,AND,1,True
"=HYPERLINK(""https://reactome.org/content/detail/R-HSA-5681987"",""LC3 is cleaved by ATG4"")",5681987,"=HYPERLINK(""https://reactome.org/content/detail/R-HSA-5682011"",""LC3 binds ATG7 dimer"")",5682011,"Jupe, S",Yes,MAP1LC3B [cytosol],EntityWithAccessionedSequence,Input,False,OR,0,True
"=HYPERLINK(""https://reactome.org/content/detail/R-HSA-5681987"",""LC3 is cleaved by ATG4"")",5681987,"=HYPERLINK(""https://reactome.org/content/detail/R-HSA-5682011"",""LC3 binds ATG7 dimer"")",5682011,"Jupe, S",Yes,GABARAP [cytosol],EntityWithAccessionedSequence,Input,False,AND,1,True
"=HYPERLINK(""https://reactome.org/content/detail/R-HSA-5681987"",""LC3 is cleaved by ATG4"")",5681987,"=HYPERLINK(""https://reactome.org/content/detail/R-HSA-5205649"",""p62 links damaged mitochondria to LC3"")",5205649,"Gillespie, ME",No,MAP1LC3A [cytosol],EntityWithAccessionedSequence,Input,False,OR,0,False
"=HYPERLINK(""https://reactome.org/content/detail/R-HSA-5681987"",""LC3 is cleaved by ATG4"")",5681987,"=HYPERLINK(""https://reactome.org/content/detail/R-HSA-5205649"",""p62 links damaged mitochondria to LC3"")",5205649,"Gillespie, ME",No,MAP1LC3B [cytosol],EntityWithAccessionedSequence,Input,False,OR,0,False
"=HYPERLINK(""https://reactome.org/content/detail/R-HSA-5681987"",""LC3 is cleaved by ATG4"")",5681987,"=HYPERLINK(""https://reactome.org/content/detail/R-HSA-8959573"",""Phosphorylated FUNDC1 links damaged mitochondria to LC3"")",8959573,"Gillespie, ME",No,MAP1LC3A [cytosol],EntityWithAccessionedSequence,Input,False,OR,0,False
"=HYPERLINK(""https://reactome.org/content/detail/R-HSA-5681987"",""LC3 is cleaved by ATG4"")",5681987,"=HYPERLINK(""https://reactome.org/content/detail/R-HSA-8959573"",""Phosphorylated FUNDC1 links damaged mitochondria to LC3"")",8959573,"Gillespie, ME",No,MAP1LC3B [cytosol],EntityWithAccessionedSequence,Input,False,OR,0,False
"=HYPERLINK(""https://reactome.org/content/detail/R-HSA-5681987"",""LC3 is cleaved by ATG4"")",5681987,"=HYPERLINK(""https://reactome.org/content/detail/R-HSA-9664880"",""MAP1LC3B binds ATM dimer:Ub-p-PEX5:SQSTM1:NBR1"")",9664880,"Varusai, TM",No,MAP1LC3B [cytosol],EntityWithAccessionedSequence,Input,False,OR,0,False
"=HYPERLINK(""https://reactome.org/content/detail/R-HSA-5681987"",""LC3 is cleaved by ATG4"")",5681987,"=HYPERLINK(""https://reactome.org/content/detail/R-HSA-9664855"",""MAP1LC3B binds ATM dimer:Ub-p-PEX5:SQSTM1"")",9664855,"Varusai, TM",No,MAP1LC3B [cytosol],EntityWithAccessionedSequence,Input,False,OR,0,False
"=HYPERLINK(""https://reactome.org/content/detail/R-HSA-5681987"",""LC3 is cleaved by ATG4"")",5681987,"=HYPERLINK(""https://reactome.org/content/detail/R-HSA-9664867"",""NBR1 binds MAP1LC3B"")",9664867,"Varusai, TM",No,MAP1LC3B [cytosol],EntityWithAccessionedSequence,Input,False,OR,0,False
"=HYPERLINK(""https://reactome.org/content/detail/R-HSA-5682377"",""LC3 de-lipidation by ATG4"")",5682377,"=HYPERLINK(""https://reactome.org/content/detail/R-HSA-5682011"",""LC3 binds ATG7 dimer"")",5682011,"Jupe, S",Yes,GABARAPL3 [cytosol],EntityWithAccessionedSequence,Input,False,AND,1,True
"=HYPERLINK(""https://reactome.org/content/detail/R-HSA-5682377"",""LC3 de-lipidation by ATG4"")",5682377,"=HYPERLINK(""https://reactome.org/content/detail/R-HSA-5682011"",""LC3 binds ATG7 dimer"")",5682011,"Jupe, S",Yes,MAP1LC3C [cytosol],EntityWithAccessionedSequence,Input,False,AND,1,True
"=HYPERLINK(""https://reactome.org/content/detail/R-HSA-5682377"",""LC3 de-lipidation by ATG4"")",5682377,"=HYPERLINK(""https://reactome.org/content/detail/R-HSA-5682011"",""LC3 binds ATG7 dimer"")",5682011,"Jupe, S",Yes,MAP1LC3A [cytosol],EntityWithAccessionedSequence,Input,False,OR,0,True
"=HYPERLINK(""https://reactome.org/content/detail/R-HSA-5682377"",""LC3 de-lipidation by ATG4"")",5682377,"=HYPERLINK(""https://reactome.org/content/detail/R-HSA-5682011"",""LC3 binds ATG7 dimer"")",5682011,"Jupe, S",Yes,GABARAPL2 [cytosol],EntityWithAccessionedSequence,Input,False,AND,1,True
"=HYPERLINK(""https://reactome.org/content/detail/R-HSA-5682377"",""LC3 de-lipidation by ATG4"")",5682377,"=HYPERLINK(""https://reactome.org/content/detail/R-HSA-5682011"",""LC3 binds ATG7 dimer"")",5682011,"Jupe, S",Yes,GABARAPL1 [cytosol],EntityWithAccessionedSequence,Input,False,AND,1,True
"=HYPERLINK(""https://reactome.org/content/detail/R-HSA-5682377"",""LC3 de-lipidation by ATG4"")",5682377,"=HYPERLINK(""https://reactome.org/content/detail/R-HSA-5682011"",""LC3 binds ATG7 dimer"")",5682011,"Jupe, S",Yes,MAP1LC3B [cytosol],EntityWithAccessionedSequence,Input,False,OR,0,True
"=HYPERLINK(""https://reactome.org/content/detail/R-HSA-5682377"",""LC3 de-lipidation by ATG4"")",5682377,"=HYPERLINK(""https://reactome.org/content/detail/R-HSA-5682011"",""LC3 binds ATG7 dimer"")",5682011,"Jupe, S",Yes,GABARAP [cytosol],EntityWithAccessionedSequence,Input,False,AND,1,True
"=HYPERLINK(""https://reactome.org/content/detail/R-HSA-5682377"",""LC3 de-lipidation by ATG4"")",5682377,"=HYPERLINK(""https://reactome.org/content/detail/R-HSA-5205649"",""p62 links damaged mitochondria to LC3"")",5205649,"Gillespie, ME",No,MAP1LC3A [cytosol],EntityWithAccessionedSequence,Input,False,OR,0,False
"=HYPERLINK(""https://reactome.org/content/detail/R-HSA-5682377"",""LC3 de-lipidation by ATG4"")",5682377,"=HYPERLINK(""https://reactome.org/content/detail/R-HSA-5205649"",""p62 links damaged mitochondria to LC3"")",5205649,"Gillespie, ME",No,MAP1LC3B [cytosol],EntityWithAccessionedSequence,Input,False,OR,0,False
"=HYPERLINK(""https://reactome.org/content/detail/R-HSA-5682377"",""LC3 de-lipidation by ATG4"")",5682377,"=HYPERLINK(""https://reactome.org/content/detail/R-HSA-8959573"",""Phosphorylated FUNDC1 links damaged mitochondria to LC3"")",8959573,"Gillespie, ME",No,MAP1LC3A [cytosol],EntityWithAccessionedSequence,Input,False,OR,0,False
"=HYPERLINK(""https://reactome.org/content/detail/R-HSA-5682377"",""LC3 de-lipidation by ATG4"")",5682377,"=HYPERLINK(""https://reactome.org/content/detail/R-HSA-8959573"",""Phosphorylated FUNDC1 links damaged mitochondria to LC3"")",8959573,"Gillespie, ME",No,MAP1LC3B [cytosol],EntityWithAccessionedSequence,Input,False,OR,0,False
"=HYPERLINK(""https://reactome.org/content/detail/R-HSA-5682377"",""LC3 de-lipidation by ATG4"")",5682377,"=HYPERLINK(""https://reactome.org/content/detail/R-HSA-9664880"",""MAP1LC3B binds ATM dimer:Ub-p-PEX5:SQSTM1:NBR1"")",9664880,"Varusai, TM",No,MAP1LC3B [cytosol],EntityWithAccessionedSequence,Input,False,OR,0,False
"=HYPERLINK(""https://reactome.org/content/detail/R-HSA-5682377"",""LC3 de-lipidation by ATG4"")",5682377,"=HYPERLINK(""https://reactome.org/content/detail/R-HSA-9664855"",""MAP1LC3B binds ATM dimer:Ub-p-PEX5:SQSTM1"")",9664855,"Varusai, TM",No,MAP1LC3B [cytosol],EntityWithAccessionedSequence,Input,False,OR,0,False
"=HYPERLINK(""https://reactome.org/content/detail/R-HSA-5682377"",""LC3 de-lipidation by ATG4"")",5682377,"=HYPERLINK(""https://reactome.org/content/detail/R-HSA-9664867"",""NBR1 binds MAP1LC3B"")",9664867,"Varusai, TM",No,MAP1LC3B [cytosol],EntityWithAccessionedSequence,Input,False,OR,0,False
"=HYPERLINK(""https://reactome.org/content/detail/R-HSA-9626276"",""HSP90 dissociates from LAMP2a"")",9626276,"=HYPERLINK(""https://reactome.org/content/detail/R-HSA-9622831"",""Substrate:LAMP2a binds HSP90"")",9622831,"Varusai, TM",Yes,HSP90AA1 [lysosomal lumen],EntityWithAccessionedSequence,Input,False,AND,1,True
"=HYPERLINK(""https://reactome.org/content/detail/R-HSA-9626276"",""HSP90 dissociates from LAMP2a"")",9626276,"=HYPERLINK(""https://reactome.org/content/detail/R-HSA-9622831"",""Substrate:LAMP2a binds HSP90"")",9622831,"Varusai, TM",Yes,HSP90AB1 [lysosomal lumen],EntityWithAccessionedSequence,Input,False,AND,1,True
"=HYPERLINK(""https://reactome.org/content/detail/R-HSA-9639698"",""ROS positively regulates misfolding of cilia proteins"")",9639698,"=HYPERLINK(""https://reactome.org/content/detail/R-HSA-9640114"",""Misfolded proteins translocate from cilium to cytosol"")",9640114,"Varusai, TM",Yes,Misfolded CETN1 [cilium],EntityWithAccessionedSequence,Input,False,OR,0,True
"=HYPERLINK(""https://reactome.org/content/detail/R-HSA-9639698"",""ROS positively regulates misfolding of cilia proteins"")",9639698,"=HYPERLINK(""https://reactome.org/content/detail/R-HSA-9640114"",""Misfolded proteins translocate from cilium to cytosol"")",9640114,"Varusai, TM",Yes,Misfolded ARL13B [cilium],EntityWithAccessionedSequence,Input,False,OR,0,True
"=HYPERLINK(""https://reactome.org/content/detail/R-HSA-9639698"",""ROS positively regulates misfolding of cilia proteins"")",9639698,"=HYPERLINK(""https://reactome.org/content/detail/R-HSA-9640114"",""Misfolded proteins translocate from cilium to cytosol"")",9640114,"Varusai, TM",Yes,Misfolded IFT88 [cilium],EntityWithAccessionedSequence,Input,False,OR,0,True
"=HYPERLINK(""https://reactome.org/content/detail/R-HSA-9639698"",""ROS positively regulates misfolding of cilia proteins"")",9639698,"=HYPERLINK(""https://reactome.org/content/detail/R-HSA-9640114"",""Misfolded proteins translocate from cilium to cytosol"")",9640114,"Varusai, TM",Yes,Misfolded PCNT [cilium],EntityWithAccessionedSequence,Input,False,OR,0,True
"=HYPERLINK(""https://reactome.org/content/detail/R-HSA-9640114"",""Misfolded proteins translocate from cilium to cytosol"")",9640114,"=HYPERLINK(""https://reactome.org/content/detail/R-HSA-9641096"",""Misfolded proteins bind PRKN:UBE2N:UBE2V1:Ub"")",9641096,"Varusai, TM",Yes,Misfolded IFT88 [cytosol],EntityWithAccessionedSequence,Input,False,AND,1,True
"=HYPERLINK(""https://reactome.org/content/detail/R-HSA-9640114"",""Misfolded proteins translocate from cilium to cytosol"")",9640114,"=HYPERLINK(""https://reactome.org/content/detail/R-HSA-9641096"",""Misfolded proteins bind PRKN:UBE2N:UBE2V1:Ub"")",9641096,"Varusai, TM",Yes,Misfolded CETN1 [cytosol],EntityWithAccessionedSequence,Input,False,AND,1,True
"=HYPERLINK(""https://reactome.org/content/detail/R-HSA-9640114"",""Misfolded proteins translocate from cilium to cytosol"")",9640114,"=HYPERLINK(""https://reactome.org/content/detail/R-HSA-9641096"",""Misfolded proteins bind PRKN:UBE2N:UBE2V1:Ub"")",9641096,"Varusai, TM",Yes,Misfolded PCNT [cytosol],EntityWithAccessionedSequence,Input,False,AND,1,True
"=HYPERLINK(""https://reactome.org/content/detail/R-HSA-9640114"",""Misfolded proteins translocate from cilium to cytosol"")",9640114,"=HYPERLINK(""https://reactome.org/content/detail/R-HSA-9641096"",""Misfolded proteins bind PRKN:UBE2N:UBE2V1:Ub"")",9641096,"Varusai, TM",Yes,Misfolded ARL13B [cytosol],EntityWithAccessionedSequence,Input,False,AND,1,True
"=HYPERLINK(""https://reactome.org/content/detail/R-HSA-9641109"",""PolyUb:misfolded proteins dissociate from PRKN:UBE2N:UBE2V1"")",9641109,"=HYPERLINK(""https://reactome.org/content/detail/R-HSA-9646347"",""PolyUb-misfolded proteins bind VCP:HDAC6:HSP90:HSF1"")",9646347,"Varusai, TM",Yes,PolyUb-misfolded nascent CFTR [cytosol],Complex,Input,False,AND,1,True
"=HYPERLINK(""https://reactome.org/content/detail/R-HSA-9641109"",""PolyUb:misfolded proteins dissociate from PRKN:UBE2N:UBE2V1"")",9641109,"=HYPERLINK(""https://reactome.org/content/detail/R-HSA-9646347"",""PolyUb-misfolded proteins bind VCP:HDAC6:HSP90:HSF1"")",9646347,"Varusai, TM",Yes,PolyUb-Misfolded cilia proteins [cytosol],DefinedSet,Input,False,OR,1,True
"=HYPERLINK(""https://reactome.org/content/detail/R-HSA-9641109"",""PolyUb:misfolded proteins dissociate from PRKN:UBE2N:UBE2V1"")",9641109,"=HYPERLINK(""https://reactome.org/content/detail/R-HSA-9646347"",""PolyUb-misfolded proteins bind VCP:HDAC6:HSP90:HSF1"")",9646347,"Varusai, TM",Yes,PolyUb-Misfolded CETN1 [cytosol],EntityWithAccessionedSequence,Input,False,AND,1,True
"=HYPERLINK(""https://reactome.org/content/detail/R-HSA-9641109"",""PolyUb:misfolded proteins dissociate from PRKN:UBE2N:UBE2V1"")",9641109,"=HYPERLINK(""https://reactome.org/content/detail/R-HSA-9646347"",""PolyUb-misfolded proteins bind VCP:HDAC6:HSP90:HSF1"")",9646347,"Varusai, TM",Yes,PolyUb-Misfolded IFT88 [cytosol],EntityWithAccessionedSequence,Input,False,AND,1,True
"=HYPERLINK(""https://reactome.org/content/detail/R-HSA-9641109"",""PolyUb:misfolded proteins dissociate from PRKN:UBE2N:UBE2V1"")",9641109,"=HYPERLINK(""https://reactome.org/content/detail/R-HSA-9646347"",""PolyUb-misfolded proteins bind VCP:HDAC6:HSP90:HSF1"")",9646347,"Varusai, TM",Yes,PolyUb-Misfolded ARL13B [cytosol],EntityWithAccessionedSequence,Input,False,AND,1,True
"=HYPERLINK(""https://reactome.org/content/detail/R-HSA-9641109"",""PolyUb:misfolded proteins dissociate from PRKN:UBE2N:UBE2V1"")",9641109,"=HYPERLINK(""https://reactome.org/content/detail/R-HSA-9646347"",""PolyUb-misfolded proteins bind VCP:HDAC6:HSP90:HSF1"")",9646347,"Varusai, TM",Yes,PolyUb-Misfolded PCNT [cytosol],EntityWithAccessionedSequence,Input,False,AND,1,True
"=HYPERLINK(""https://reactome.org/content/detail/R-HSA-9641109"",""PolyUb:misfolded proteins dissociate from PRKN:UBE2N:UBE2V1"")",9641109,"=HYPERLINK(""https://reactome.org/content/detail/R-HSA-9646347"",""PolyUb-misfolded proteins bind VCP:HDAC6:HSP90:HSF1"")",9646347,"Varusai, TM",Yes,PolyUb-Misfolded PARK7 [cytosol],EntityWithAccessionedSequence,Input,False,AND,1,True
