First_Reaction,Second_Reaction,Second_Reaction_Author,Shared_Entity,Shared_Entity_Class,Shared_Entity_Relation_to_Second_Reaction,Logic,Value,Is _It_Curated?
"=HYPERLINK(""https://reactome.org/content/detail/R-HSA-1234167"",""Formation of HIF:CBP:p300 complex at promoters"")","=HYPERLINK(""https://reactome.org/content/detail/R-HSA-1235035"",""Expression of Carbonic Anhydrase IX (CA9)"")","May, B",R-HSA-1234099,Complex,Positive Regulator,AND,1,True
"=HYPERLINK(""https://reactome.org/content/detail/R-HSA-1234167"",""Formation of HIF:CBP:p300 complex at promoters"")","=HYPERLINK(""https://reactome.org/content/detail/R-HSA-1235070"",""Expression of Erythropoietin (EPO)"")","May, B",R-HSA-1234099,Complex,Positive Regulator,AND,1,True
"=HYPERLINK(""https://reactome.org/content/detail/R-HSA-1234167"",""Formation of HIF:CBP:p300 complex at promoters"")","=HYPERLINK(""https://reactome.org/content/detail/R-HSA-1235037"",""Expression of VEGFA"")","May, B",R-HSA-1234099,Complex,Positive Regulator,AND,1,True
"=HYPERLINK(""https://reactome.org/content/detail/R-HSA-1234169"",""Nuclear VHL:EloB,C:CUL2:RBX1 binds hydroxyprolyl-HIF-alpha"")","=HYPERLINK(""https://reactome.org/content/detail/R-HSA-1234172"",""Nuclear VBC complex ubiquitinylates HIF-alpha"")","May, B",R-HSA-1234101,Complex,Input,OR,0,True
"=HYPERLINK(""https://reactome.org/content/detail/R-HSA-1234171"",""HIF-alpha binds ARNT (HIF1-beta) forming HIF-alpha:ARNT"")","=HYPERLINK(""https://reactome.org/content/detail/R-HSA-8932184"",""Expression of HIGD1A"")","May, B",R-HSA-1234130,Complex,Input,AND,1,True
"=HYPERLINK(""https://reactome.org/content/detail/R-HSA-1234171"",""HIF-alpha binds ARNT (HIF1-beta) forming HIF-alpha:ARNT"")","=HYPERLINK(""https://reactome.org/content/detail/R-HSA-1234167"",""Formation of HIF:CBP:p300 complex at promoters"")","May, B",R-HSA-1234130,Complex,Input,AND,1,True
"=HYPERLINK(""https://reactome.org/content/detail/R-HSA-1234172"",""Nuclear VBC complex ubiquitinylates HIF-alpha"")","=HYPERLINK(""https://reactome.org/content/detail/R-HSA-1234175"",""ub-hydroxyPro-HIF-alpha:VHL:EloB,C:CUL2:RBX1 translocates from the nucleus to the cytosol"")","May, B",R-HSA-1234103,Complex,Input,AND,1,True
"=HYPERLINK(""https://reactome.org/content/detail/R-HSA-1234183"",""Cytosolic VHL:EloB,C:CUL2:RBX1 binds hydroxyprolyl-HIF-alpha "")","=HYPERLINK(""https://reactome.org/content/detail/R-HSA-1234163"",""Cytosolic VBC complex ubiquitinylates hydroxyprolyl-HIF-alpha "")","May, B",R-HSA-1234125,Complex,Input,OR,0,True
"=HYPERLINK(""https://reactome.org/content/detail/R-HSA-168136"",""Activated JNKs phosphorylate c-JUN"")","=HYPERLINK(""https://reactome.org/content/detail/R-HSA-450292"",""Formation of Activated Protein 1 (AP-1) complex. cFOS/c-JUN heterodimer. "")","Luo, F",R-HSA-450237,EntityWithAccessionedSequence,Input,AND,1,True
"=HYPERLINK(""https://reactome.org/content/detail/R-HSA-1791173"",""Expression of ATF3"")","=HYPERLINK(""https://reactome.org/content/detail/R-HSA-9653893"",""ATF4, CEBPB, and ATF3 bind the CHAC1 promoter"")","May, B",R-HSA-535543,EntityWithAccessionedSequence,Input,AND,1,False
"=HYPERLINK(""https://reactome.org/content/detail/R-HSA-187934"",""Inactivation of Cyclin A:Cdk2 complexes by p27/p21"")","=HYPERLINK(""https://reactome.org/content/detail/R-HSA-3788708"",""CDKN1A (p21) prevents association of Cyclin A:Cdk2 with Cdh1"")","Orlic-Milacic, M",R-HSA-187926,Complex,Negative Regulator,AND,-1,False
"=HYPERLINK(""https://reactome.org/content/detail/R-HSA-187934"",""Inactivation of Cyclin A:Cdk2 complexes by p27/p21"")","=HYPERLINK(""https://reactome.org/content/detail/R-HSA-3788705"",""CDKN1A (p21) prevents phosphorylation of Cdh1 by Cyclin A:Cdk2"")","Orlic-Milacic, M",R-HSA-187926,Complex,Negative Regulator,AND,-1,False
"=HYPERLINK(""https://reactome.org/content/detail/R-HSA-3209096"",""E2F1, E2F2, or E2F3 and SP1 bind p14ARF promoter"")","=HYPERLINK(""https://reactome.org/content/detail/R-HSA-3209109"",""E2F1/E2F2/E2F3 and SP1 stimulate transcription of p14ARF mRNA"")","Orlic-Milacic, M",R-HSA-3209097,Complex,Positive Regulator,AND,1,True
"=HYPERLINK(""https://reactome.org/content/detail/R-HSA-3209098"",""p-T38-ETS1/p-T72-ETS2 stimulates transcription of p16INK4A mRNA"")","=HYPERLINK(""https://reactome.org/content/detail/R-HSA-3209114"",""Translation of p16INK4A mRNA is inhibited by miR-24"")","Orlic-Milacic, M",R-HSA-3209105,EntityWithAccessionedSequence,Input,OR,0,True
"=HYPERLINK(""https://reactome.org/content/detail/R-HSA-3209109"",""E2F1/E2F2/E2F3 and SP1 stimulate transcription of p14ARF mRNA"")","=HYPERLINK(""https://reactome.org/content/detail/R-HSA-3209111"",""Translation of p14ARF mRNA is inhibited by miR-24"")","Orlic-Milacic, M",R-HSA-3209107,EntityWithAccessionedSequence,Input,OR,0,False
"=HYPERLINK(""https://reactome.org/content/detail/R-HSA-3209111"",""Translation of p14ARF mRNA is inhibited by miR-24"")","=HYPERLINK(""https://reactome.org/content/detail/R-HSA-9645672"",""p14ARF translocates to the nucleus"")","Orlic-Milacic, M",R-HSA-9645669,EntityWithAccessionedSequence,Input,OR,0,True
"=HYPERLINK(""https://reactome.org/content/detail/R-HSA-3209151"",""miR-24 binds p16INK4A and p14ARF mRNAs"")","=HYPERLINK(""https://reactome.org/content/detail/R-HSA-3209114"",""Translation of p16INK4A mRNA is inhibited by miR-24"")","Orlic-Milacic, M",R-HSA-3209131,Complex,Negative Regulator,AND,-1,True
"=HYPERLINK(""https://reactome.org/content/detail/R-HSA-3209151"",""miR-24 binds p16INK4A and p14ARF mRNAs"")","=HYPERLINK(""https://reactome.org/content/detail/R-HSA-3209111"",""Translation of p14ARF mRNA is inhibited by miR-24"")","Orlic-Milacic, M",R-HSA-3209131,Complex,Negative Regulator,AND,-1,True
"=HYPERLINK(""https://reactome.org/content/detail/R-HSA-3209160"",""Activated ERKs phosphorylate ERF"")","=HYPERLINK(""https://reactome.org/content/detail/R-HSA-3209159"",""Phosphorylated ERF translocates to the cytosol"")","Orlic-Milacic, M",R-HSA-3209166,EntityWithAccessionedSequence,Input,AND,1,True
"=HYPERLINK(""https://reactome.org/content/detail/R-HSA-3209165"",""ID1 sequesters ETS2"")","=HYPERLINK(""https://reactome.org/content/detail/R-HSA-8979082"",""Phosphorylated ETS2 binds p16INK4A promoter"")","Orlic-Milacic, M",R-HSA-3209172,Complex,Negative Regulator,AND,-1,False
"=HYPERLINK(""https://reactome.org/content/detail/R-HSA-3209177"",""ERF binds ETS2 promoter"")","=HYPERLINK(""https://reactome.org/content/detail/R-HSA-3209179"",""ERF inhibits ETS2 expression"")","Orlic-Milacic, M",R-HSA-3209182,Complex,Negative Regulator,AND,-1,True
"=HYPERLINK(""https://reactome.org/content/detail/R-HSA-3222533"",""ERK1/2-activated AP1 complex binds KDM6B promoter"")","=HYPERLINK(""https://reactome.org/content/detail/R-HSA-3222546"",""AP-1 complex stimulates KDM6B transcription"")","Orlic-Milacic, M",R-HSA-3222535,Complex,Positive Regulator,AND,1,True
"=HYPERLINK(""https://reactome.org/content/detail/R-HSA-3222546"",""AP-1 complex stimulates KDM6B transcription"")","=HYPERLINK(""https://reactome.org/content/detail/R-HSA-8979071"",""KDM6B binds iron"")","Orlic-Milacic, M",R-HSA-1629833,EntityWithAccessionedSequence,Input,AND,1,True
"=HYPERLINK(""https://reactome.org/content/detail/R-HSA-3223200"",""Demethylation of H3K27Me3 by KDM6B stimulates p16INK4A transcription, while binding of PRC1.4 complex to H3K27Me3 represses p16INK4A transcription"")","=HYPERLINK(""https://reactome.org/content/detail/R-HSA-3209114"",""Translation of p16INK4A mRNA is inhibited by miR-24"")","Orlic-Milacic, M",R-HSA-3209105,EntityWithAccessionedSequence,Input,OR,0,True
"=HYPERLINK(""https://reactome.org/content/detail/R-HSA-3225851"",""ROS oxidize thioredoxin and activate MAP3K5"")","=HYPERLINK(""https://reactome.org/content/detail/R-HSA-73646"",""thioredoxin, oxidized + NADPH + H+ => thioredoxin, reduced + NADP+"")","Jassal, B",R-HSA-73668,EntityWithAccessionedSequence,Input,OR,0,False
"=HYPERLINK(""https://reactome.org/content/detail/R-HSA-3225851"",""ROS oxidize thioredoxin and activate MAP3K5"")","=HYPERLINK(""https://reactome.org/content/detail/R-HSA-3229152"",""MAP3K5 (ASK1) phosphorylates MAP2K4 (SEK1)"")","Orlic-Milacic, M",R-HSA-167709,EntityWithAccessionedSequence,Catalyst,AND,1,True
"=HYPERLINK(""https://reactome.org/content/detail/R-HSA-3225851"",""ROS oxidize thioredoxin and activate MAP3K5"")","=HYPERLINK(""https://reactome.org/content/detail/R-HSA-3228469"",""MAP3K5 phosphorylates MKK3 and MKK6"")","Orlic-Milacic, M",R-HSA-167709,EntityWithAccessionedSequence,Catalyst,AND,1,True
"=HYPERLINK(""https://reactome.org/content/detail/R-HSA-3229089"",""PRC1.4 complex binds H3K27Me3 nucleosomes on CDKN2A promoter"")","=HYPERLINK(""https://reactome.org/content/detail/R-HSA-3223200"",""Demethylation of H3K27Me3 by KDM6B stimulates p16INK4A transcription, while binding of PRC1.4 complex to H3K27Me3 represses p16INK4A transcription"")","Orlic-Milacic, M",R-HSA-3229098,Complex,Input,OR,0,False
"=HYPERLINK(""https://reactome.org/content/detail/R-HSA-3229102"",""p-MAPKAPK3 phosphorylates BMI1"")","=HYPERLINK(""https://reactome.org/content/detail/R-HSA-3222593"",""KDM6B demethylates H3K27me3 on p16INK4A promoter"")","Orlic-Milacic, M",R-HSA-3222570,Complex,Input,OR,0,False
"=HYPERLINK(""https://reactome.org/content/detail/R-HSA-3229138"",""MAPKAPK2/3-mediated removal of PRC1.4 complex stimulates p14ARF transcription"")","=HYPERLINK(""https://reactome.org/content/detail/R-HSA-3209111"",""Translation of p14ARF mRNA is inhibited by miR-24"")","Orlic-Milacic, M",R-HSA-3209107,EntityWithAccessionedSequence,Input,OR,0,False
"=HYPERLINK(""https://reactome.org/content/detail/R-HSA-3238999"",""Activated human MKK3/MKK6 phosphorylates p38 MAPK complexed with MAPKAPK5"")","=HYPERLINK(""https://reactome.org/content/detail/R-HSA-3239019"",""Active p38 MAPK phosphorylates MAPKAPK5"")","Orlic-Milacic, M",R-HSA-3239009,Complex,Input,OR,0,True
"=HYPERLINK(""https://reactome.org/content/detail/R-HSA-3239019"",""Active p38 MAPK phosphorylates MAPKAPK5"")","=HYPERLINK(""https://reactome.org/content/detail/R-HSA-3239014"",""MAPKAPK5 phosphorylates TP53"")","Orlic-Milacic, M",R-HSA-3239017,Complex,Catalyst,AND,1,True
"=HYPERLINK(""https://reactome.org/content/detail/R-HSA-3240295"",""PRC2-EZH2 trimethylates nucleosomes associated with CDKN2A promoter"")","=HYPERLINK(""https://reactome.org/content/detail/R-HSA-3229089"",""PRC1.4 complex binds H3K27Me3 nucleosomes on CDKN2A promoter"")","Orlic-Milacic, M",R-HSA-3222570,Complex,Input,OR,0,False
"=HYPERLINK(""https://reactome.org/content/detail/R-HSA-3240765"",""E2F1/2/3:DP1/2 binds EED gene promoter"")","=HYPERLINK(""https://reactome.org/content/detail/R-HSA-3240782"",""E2F1/2/3 stimulates EED transcription"")","Orlic-Milacic, M",R-HSA-3240767,Complex,Positive Regulator,AND,1,True
"=HYPERLINK(""https://reactome.org/content/detail/R-HSA-3240766"",""E2F1/2/3:DP1/2 binds SUZ12 gene promoter"")","=HYPERLINK(""https://reactome.org/content/detail/R-HSA-3240787"",""E2F1/2/3 stimulates SUZ12 transcription"")","Orlic-Milacic, M",R-HSA-3240769,Complex,Positive Regulator,AND,1,True
"=HYPERLINK(""https://reactome.org/content/detail/R-HSA-3240777"",""E2F1/2/3:DP1/2 binds EZH2 gene promoter"")","=HYPERLINK(""https://reactome.org/content/detail/R-HSA-3240783"",""E2F1/2/3 stimulates EZH2 transcription"")","Orlic-Milacic, M",R-HSA-3240771,Complex,Positive Regulator,AND,1,True
"=HYPERLINK(""https://reactome.org/content/detail/R-HSA-3240782"",""E2F1/2/3 stimulates EED transcription"")","=HYPERLINK(""https://reactome.org/content/detail/R-HSA-3240957"",""Formation of PRC2-EZH2 complex"")","Orlic-Milacic, M",R-HSA-212278,EntityWithAccessionedSequence,Input,AND,1,True
"=HYPERLINK(""https://reactome.org/content/detail/R-HSA-3240783"",""E2F1/2/3 stimulates EZH2 transcription"")","=HYPERLINK(""https://reactome.org/content/detail/R-HSA-3240957"",""Formation of PRC2-EZH2 complex"")","Orlic-Milacic, M",R-HSA-212298,EntityWithAccessionedSequence,Input,AND,1,True
"=HYPERLINK(""https://reactome.org/content/detail/R-HSA-3240787"",""E2F1/2/3 stimulates SUZ12 transcription"")","=HYPERLINK(""https://reactome.org/content/detail/R-HSA-3240957"",""Formation of PRC2-EZH2 complex"")","Orlic-Milacic, M",R-HSA-212217,EntityWithAccessionedSequence,Input,AND,1,True
"=HYPERLINK(""https://reactome.org/content/detail/R-HSA-3240957"",""Formation of PRC2-EZH2 complex"")","=HYPERLINK(""https://reactome.org/content/detail/R-HSA-3240295"",""PRC2-EZH2 trimethylates nucleosomes associated with CDKN2A promoter"")","Orlic-Milacic, M",R-HSA-212285,Complex,Catalyst,AND,1,True
"=HYPERLINK(""https://reactome.org/content/detail/R-HSA-3299753"",""CCS transfers Cu to SOD1 and oxidizes cysteine residues in SOD1"")","=HYPERLINK(""https://reactome.org/content/detail/R-HSA-3299691"",""SOD1 catalyzes 2H+ + 2O2.- => O2 + H2O2 (cytosol)"")","May, B",R-HSA-3299679,Complex,Catalyst,AND,1,True
"=HYPERLINK(""https://reactome.org/content/detail/R-HSA-3371467"",""SIRT1 deacetylates HSF1"")","=HYPERLINK(""https://reactome.org/content/detail/R-HSA-3371554"",""HSF1 acetylation at Lys80"")","Shamovsky, V",R-HSA-5082415,Complex,Input,OR,0,False
"=HYPERLINK(""https://reactome.org/content/detail/R-HSA-3371467"",""SIRT1 deacetylates HSF1"")","=HYPERLINK(""https://reactome.org/content/detail/R-HSA-3371537"",""DBC1 binds SIRT1"")","Shamovsky, V",R-HSA-427531,EntityWithAccessionedSequence,Input,OR,0,False
"=HYPERLINK(""https://reactome.org/content/detail/R-HSA-3371503"",""STIP1(HOP) binds HSP90 and HSP70:HSP40:nascent protein"")","=HYPERLINK(""https://reactome.org/content/detail/R-HSA-5618107"",""ATP binding to HSP90 triggers conformation change"")","Shamovsky, V",R-HSA-3371444,Complex,Input,AND,1,True
"=HYPERLINK(""https://reactome.org/content/detail/R-HSA-3371527"",""HSF1 trimer translocates to the nucleus"")","=HYPERLINK(""https://reactome.org/content/detail/R-HSA-5324617"",""HSP90:FKBP4:PTGES3 binds HSF1 trimer"")","Shamovsky, V",R-HSA-4793790,Complex,Input,OR,0,False
"=HYPERLINK(""https://reactome.org/content/detail/R-HSA-3371527"",""HSF1 trimer translocates to the nucleus"")","=HYPERLINK(""https://reactome.org/content/detail/R-HSA-3371582"",""HSBP1 binds HSF1 trimer"")","Shamovsky, V",R-HSA-4793790,Complex,Input,OR,0,False
"=HYPERLINK(""https://reactome.org/content/detail/R-HSA-3371527"",""HSF1 trimer translocates to the nucleus"")","=HYPERLINK(""https://reactome.org/content/detail/R-HSA-5082405"",""Phosphorylation of HSF1 at Ser326 induces transactivation"")","Shamovsky, V",R-HSA-4793790,Complex,Input,OR,0,False
"=HYPERLINK(""https://reactome.org/content/detail/R-HSA-3371527"",""HSF1 trimer translocates to the nucleus"")","=HYPERLINK(""https://reactome.org/content/detail/R-HSA-5082387"",""Phosphorylation of HSF1 at Ser230 induces transactivation"")","Shamovsky, V",R-HSA-4793790,Complex,Input,OR,0,False
"=HYPERLINK(""https://reactome.org/content/detail/R-HSA-3371527"",""HSF1 trimer translocates to the nucleus"")","=HYPERLINK(""https://reactome.org/content/detail/R-HSA-4793819"",""HSF1 trimer binds HSE on the target gene"")","Shamovsky, V",R-HSA-4793790,Complex,Input,OR,0,True
"=HYPERLINK(""https://reactome.org/content/detail/R-HSA-3371527"",""HSF1 trimer translocates to the nucleus"")","=HYPERLINK(""https://reactome.org/content/detail/R-HSA-5333051"",""RPA1 binds HSF1"")","Shamovsky, V",R-HSA-4793790,Complex,Input,OR,0,False
"=HYPERLINK(""https://reactome.org/content/detail/R-HSA-3371554"",""HSF1 acetylation at Lys80"")","=HYPERLINK(""https://reactome.org/content/detail/R-HSA-5082369"",""Acetylated HSF1 dissociates from DNA"")","Shamovsky, V",R-HSA-5082373,Complex,Input,OR,0,True
"=HYPERLINK(""https://reactome.org/content/detail/R-HSA-3371554"",""HSF1 acetylation at Lys80"")","=HYPERLINK(""https://reactome.org/content/detail/R-HSA-3371518"",""SIRT1 binds to HSF1"")","Shamovsky, V",R-HSA-5082373,Complex,Input,OR,0,False
"=HYPERLINK(""https://reactome.org/content/detail/R-HSA-3371567"",""DBC1 is phosphorylated by ATM/ART"")","=HYPERLINK(""https://reactome.org/content/detail/R-HSA-3371537"",""DBC1 binds SIRT1"")","Shamovsky, V",R-HSA-3371569,EntityWithAccessionedSequence,Input,AND,1,True
"=HYPERLINK(""https://reactome.org/content/detail/R-HSA-3371567"",""DBC1 is phosphorylated by ATM/ART"")","=HYPERLINK(""https://reactome.org/content/detail/R-HSA-3371518"",""SIRT1 binds to HSF1"")","Shamovsky, V",R-HSA-3371569,EntityWithAccessionedSequence,Input,AND,1,False
"=HYPERLINK(""https://reactome.org/content/detail/R-HSA-3371586"",""Dissociation of cytosolic HSF1:HSP90 complex"")","=HYPERLINK(""https://reactome.org/content/detail/R-HSA-3371591"",""Trimerization of cytosolic HSF1"")","Shamovsky, V",R-HSA-3371452,EntityWithAccessionedSequence,Input,OR,0,True
"=HYPERLINK(""https://reactome.org/content/detail/R-HSA-3371586"",""Dissociation of cytosolic HSF1:HSP90 complex"")","=HYPERLINK(""https://reactome.org/content/detail/R-HSA-3371531"",""Constitutive phosphorylation  by pERK1/2"")","Shamovsky, V",R-HSA-3371452,EntityWithAccessionedSequence,Input,OR,0,False
"=HYPERLINK(""https://reactome.org/content/detail/R-HSA-3371586"",""Dissociation of cytosolic HSF1:HSP90 complex"")","=HYPERLINK(""https://reactome.org/content/detail/R-HSA-3371435"",""Constitutive phosphorylation by GSK3"")","Shamovsky, V",R-HSA-3371452,EntityWithAccessionedSequence,Input,OR,0,False
"=HYPERLINK(""https://reactome.org/content/detail/R-HSA-3371586"",""Dissociation of cytosolic HSF1:HSP90 complex"")","=HYPERLINK(""https://reactome.org/content/detail/R-HSA-4793911"",""MAPKAPK2 phosphorylates HSF1"")","Shamovsky, V",R-HSA-3371452,EntityWithAccessionedSequence,Input,OR,0,False
"=HYPERLINK(""https://reactome.org/content/detail/R-HSA-3371586"",""Dissociation of cytosolic HSF1:HSP90 complex"")","=HYPERLINK(""https://reactome.org/content/detail/R-HSA-5618098"",""p23 (PTGES3) binds HSP90:ATP:FKBP5:nascent protein"")","Shamovsky, V",R-HSA-265269,EntityWithAccessionedSequence,Input,OR,0,False
"=HYPERLINK(""https://reactome.org/content/detail/R-HSA-3371586"",""Dissociation of cytosolic HSF1:HSP90 complex"")","=HYPERLINK(""https://reactome.org/content/detail/R-HSA-5618110"",""p23 (PTGES3) binds HSP90:ATP:FKBP4:nascent protein"")","Shamovsky, V",R-HSA-265269,EntityWithAccessionedSequence,Input,OR,0,False
"=HYPERLINK(""https://reactome.org/content/detail/R-HSA-3371590"",""HSP70 binds to HSP40:nascent protein"")","=HYPERLINK(""https://reactome.org/content/detail/R-HSA-3371422"",""ATP hydrolysis by HSP70"")","Shamovsky, V",R-HSA-3371563,Complex,Input,OR,0,True
"=HYPERLINK(""https://reactome.org/content/detail/R-HSA-3371591"",""Trimerization of cytosolic HSF1"")","=HYPERLINK(""https://reactome.org/content/detail/R-HSA-3371527"",""HSF1 trimer translocates to the nucleus"")","Shamovsky, V",R-HSA-4793915,Complex,Input,AND,1,True
"=HYPERLINK(""https://reactome.org/content/detail/R-HSA-3697838"",""ATP7A transfers Cu from ATOX1 to SOD3"")","=HYPERLINK(""https://reactome.org/content/detail/R-HSA-4837364"",""Secretion of SOD3"")","May, B",R-HSA-3697840,Complex,Input,AND,1,True
"=HYPERLINK(""https://reactome.org/content/detail/R-HSA-3697860"",""SOD1:Zn2+ apoenzyme binds CCS:Zn2+:2xCu1+"")","=HYPERLINK(""https://reactome.org/content/detail/R-HSA-8951723"",""2xSOD1:CCS:Zn2+:2xCu1+ dimer dissociates"")","May, B",R-HSA-8951722,Complex,Input,AND,1,True
"=HYPERLINK(""https://reactome.org/content/detail/R-HSA-3780958"",""SOD1:Zn2+ apoenzyme binds CCS:Cu1+ (mitochondrial)"")","=HYPERLINK(""https://reactome.org/content/detail/R-HSA-3780979"",""CCS transfers Cu to SOD1 (mitochondrial)"")","May, B",R-HSA-3780962,Complex,Input,OR,0,True
"=HYPERLINK(""https://reactome.org/content/detail/R-HSA-3780979"",""CCS transfers Cu to SOD1 (mitochondrial)"")","=HYPERLINK(""https://reactome.org/content/detail/R-HSA-3777112"",""SOD1 catalyzes 2H+ + O2.- => O2 + H2O2 (mitochondrial intermembrane space)"")","May, B",R-HSA-3777109,Complex,Catalyst,AND,1,True
"=HYPERLINK(""https://reactome.org/content/detail/R-HSA-3785704"",""DSB inducing agents induce double strand DNA breaks"")","=HYPERLINK(""https://reactome.org/content/detail/R-HSA-3785768"",""MRN complex binds DNA double strand breaks"")","Orlic-Milacic, M",R-ALL-75165,OtherEntity,Input,AND,1,True
"=HYPERLINK(""https://reactome.org/content/detail/R-HSA-3785711"",""Telomere shortening during replicative exhaustion"")","=HYPERLINK(""https://reactome.org/content/detail/R-HSA-5682020"",""MRN complex binds shortened telomeres"")","Orlic-Milacic, M",R-ALL-3785706,OtherEntity,Input,AND,1,True
"=HYPERLINK(""https://reactome.org/content/detail/R-HSA-3785768"",""MRN complex binds DNA double strand breaks"")","=HYPERLINK(""https://reactome.org/content/detail/R-HSA-5693612"",""MRN complex bound to DNA ends recruits ATM"")","Orlic-Milacic, M",R-HSA-3785763,Complex,Input,AND,1,True
"=HYPERLINK(""https://reactome.org/content/detail/R-HSA-3786258"",""TP53 binds the CDKN1A promoter"")","=HYPERLINK(""https://reactome.org/content/detail/R-HSA-4647613"",""Transcriptional activation of CDKN1A by TP53 is inhibited by EP400"")","Matthews, L",R-HSA-3786257,Complex,Input,AND,1,True
"=HYPERLINK(""https://reactome.org/content/detail/R-HSA-3786258"",""TP53 binds the CDKN1A promoter"")","=HYPERLINK(""https://reactome.org/content/detail/R-HSA-4647593"",""EP400 binds CDKN1A promoter"")","Orlic-Milacic, M",R-HSA-3786257,Complex,Input,AND,1,True
"=HYPERLINK(""https://reactome.org/content/detail/R-HSA-3788708"",""CDKN1A (p21) prevents association of Cyclin A:Cdk2 with Cdh1"")","=HYPERLINK(""https://reactome.org/content/detail/R-HSA-3788705"",""CDKN1A (p21) prevents phosphorylation of Cdh1 by Cyclin A:Cdk2"")","Orlic-Milacic, M",R-HSA-188374,Complex,Input,OR,0,True
"=HYPERLINK(""https://reactome.org/content/detail/R-HSA-3788725"",""Cdh1:APC/C complex binds EHMT1:EHMT2"")","=HYPERLINK(""https://reactome.org/content/detail/R-HSA-3788724"",""Cdh1:APC/C ubiquitinates EHMT1 and EHMT2"")","Orlic-Milacic, M",R-HSA-3788733,Complex,Input,AND,1,True
"=HYPERLINK(""https://reactome.org/content/detail/R-HSA-3797196"",""AP-1 transcription factor binds IGFBP7 promoter"")","=HYPERLINK(""https://reactome.org/content/detail/R-HSA-3797202"",""AP-1 stimulates transcription of IGFBP7"")","Orlic-Milacic, M",R-HSA-3797203,Complex,Positive Regulator,AND,1,True
"=HYPERLINK(""https://reactome.org/content/detail/R-HSA-381128"",""Translation of ATF4 "")","=HYPERLINK(""https://reactome.org/content/detail/R-HSA-9635927"",""ATF4 and a CEBP protein bind the TRIB3 promoter"")","May, B",R-HSA-381016,EntityWithAccessionedSequence,Input,OR,0,True
"=HYPERLINK(""https://reactome.org/content/detail/R-HSA-381128"",""Translation of ATF4 "")","=HYPERLINK(""https://reactome.org/content/detail/R-HSA-9635892"",""ATF4 binds the ATF3 gene"")","May, B",R-HSA-381016,EntityWithAccessionedSequence,Input,OR,0,True
"=HYPERLINK(""https://reactome.org/content/detail/R-HSA-381128"",""Translation of ATF4 "")","=HYPERLINK(""https://reactome.org/content/detail/R-HSA-9635804"",""ATF4 and phospho-ATF2 bind the DDIT3 promoter"")","May, B",R-HSA-381016,EntityWithAccessionedSequence,Input,OR,0,True
"=HYPERLINK(""https://reactome.org/content/detail/R-HSA-381128"",""Translation of ATF4 "")","=HYPERLINK(""https://reactome.org/content/detail/R-HSA-9635936"",""ATF4 binds the CEBPB gene"")","May, B",R-HSA-381016,EntityWithAccessionedSequence,Input,OR,0,True
"=HYPERLINK(""https://reactome.org/content/detail/R-HSA-381128"",""Translation of ATF4 "")","=HYPERLINK(""https://reactome.org/content/detail/R-HSA-9635915"",""ATF4 and CEBPB,CEBPG bind the ASNS gene"")","May, B",R-HSA-381016,EntityWithAccessionedSequence,Input,OR,0,True
"=HYPERLINK(""https://reactome.org/content/detail/R-HSA-381128"",""Translation of ATF4 "")","=HYPERLINK(""https://reactome.org/content/detail/R-HSA-9654752"",""ATF4 binds the PPP1R15A (GADD34) promoter"")","May, B",R-HSA-381016,EntityWithAccessionedSequence,Input,OR,0,True
"=HYPERLINK(""https://reactome.org/content/detail/R-HSA-381128"",""Translation of ATF4 "")","=HYPERLINK(""https://reactome.org/content/detail/R-HSA-9653893"",""ATF4, CEBPB, and ATF3 bind the CHAC1 promoter"")","May, B",R-HSA-381016,EntityWithAccessionedSequence,Input,OR,0,True
"=HYPERLINK(""https://reactome.org/content/detail/R-HSA-381128"",""Translation of ATF4 "")","=HYPERLINK(""https://reactome.org/content/detail/R-HSA-9654792"",""Expression of GRB10"")","May, B",R-HSA-381016,EntityWithAccessionedSequence,Input,OR,0,True
"=HYPERLINK(""https://reactome.org/content/detail/R-HSA-381128"",""Translation of ATF4 "")","=HYPERLINK(""https://reactome.org/content/detail/R-HSA-9655086"",""ATF4 binds the DDIT3 promoter"")","May, B",R-HSA-381016,EntityWithAccessionedSequence,Input,OR,0,True
"=HYPERLINK(""https://reactome.org/content/detail/R-HSA-381128"",""Translation of ATF4 "")","=HYPERLINK(""https://reactome.org/content/detail/R-HSA-9653742"",""ATF4 and a CEBP protein bind the ATF5 promoter"")","May, B",R-HSA-381016,EntityWithAccessionedSequence,Input,OR,0,True
"=HYPERLINK(""https://reactome.org/content/detail/R-HSA-3857305"",""Activated CEBPB and NFKB complex bind IL6 promoter"")","=HYPERLINK(""https://reactome.org/content/detail/R-HSA-3790130"",""Regulation of IL6 transcription"")","Orlic-Milacic, M",R-HSA-3857324,Complex,Positive Regulator,AND,1,True
"=HYPERLINK(""https://reactome.org/content/detail/R-HSA-3857308"",""Activated CEBPB and NFKB complex bind IL8 promoter"")","=HYPERLINK(""https://reactome.org/content/detail/R-HSA-3790137"",""Stimulation of IL8 transcription in senescent cells"")","Orlic-Milacic, M",R-HSA-3857319,Complex,Positive Regulator,AND,1,True
"=HYPERLINK(""https://reactome.org/content/detail/R-HSA-3857328"",""RPS6KA1/2/3 phosphorylates CEBPB on S321"")","=HYPERLINK(""https://reactome.org/content/detail/R-HSA-3857336"",""CEBPB homodimerization"")","Orlic-Milacic, M",R-HSA-3857339,EntityWithAccessionedSequence,Input,AND,1,True
"=HYPERLINK(""https://reactome.org/content/detail/R-HSA-3857329"",""MAPK3 (ERK1) and MAPK1 (ERK2) phosphorylate CEBPB"")","=HYPERLINK(""https://reactome.org/content/detail/R-HSA-3857328"",""RPS6KA1/2/3 phosphorylates CEBPB on S321"")","Orlic-Milacic, M",R-HSA-3857343,EntityWithAccessionedSequence,Input,OR,0,True
"=HYPERLINK(""https://reactome.org/content/detail/R-HSA-3857336"",""CEBPB homodimerization"")","=HYPERLINK(""https://reactome.org/content/detail/R-HSA-3857345"",""Activated CEBPB binds CDKN2B promoter"")","Orlic-Milacic, M",R-HSA-3857334,Complex,Input,OR,0,True
"=HYPERLINK(""https://reactome.org/content/detail/R-HSA-3857336"",""CEBPB homodimerization"")","=HYPERLINK(""https://reactome.org/content/detail/R-HSA-3857308"",""Activated CEBPB and NFKB complex bind IL8 promoter"")","Orlic-Milacic, M",R-HSA-3857334,Complex,Input,OR,0,True
"=HYPERLINK(""https://reactome.org/content/detail/R-HSA-3857336"",""CEBPB homodimerization"")","=HYPERLINK(""https://reactome.org/content/detail/R-HSA-3857305"",""Activated CEBPB and NFKB complex bind IL6 promoter"")","Orlic-Milacic, M",R-HSA-3857334,Complex,Input,OR,0,True
"=HYPERLINK(""https://reactome.org/content/detail/R-HSA-3857345"",""Activated CEBPB binds CDKN2B promoter"")","=HYPERLINK(""https://reactome.org/content/detail/R-HSA-3857348"",""Activated CEBPB stimulates transcription of CDKN2B"")","Orlic-Milacic, M",R-HSA-3857347,Complex,Positive Regulator,AND,1,True
"=HYPERLINK(""https://reactome.org/content/detail/R-HSA-3858387"",""Activated STAT3 positively regulates CEBPB transcription"")","=HYPERLINK(""https://reactome.org/content/detail/R-HSA-3857329"",""MAPK3 (ERK1) and MAPK1 (ERK2) phosphorylate CEBPB"")","Orlic-Milacic, M",R-HSA-381378,EntityWithAccessionedSequence,Input,OR,0,True
"=HYPERLINK(""https://reactome.org/content/detail/R-HSA-3858387"",""Activated STAT3 positively regulates CEBPB transcription"")","=HYPERLINK(""https://reactome.org/content/detail/R-HSA-9653893"",""ATF4, CEBPB, and ATF3 bind the CHAC1 promoter"")","May, B",R-HSA-381378,EntityWithAccessionedSequence,Input,OR,0,False
"=HYPERLINK(""https://reactome.org/content/detail/R-HSA-3878123"",""Initiation of SAHF formation"")","=HYPERLINK(""https://reactome.org/content/detail/R-HSA-4647594"",""SAHF formation"")","Orlic-Milacic, M",R-HSA-3878132,Complex,Input,OR,0,True
"=HYPERLINK(""https://reactome.org/content/detail/R-HSA-450292"",""Formation of Activated Protein 1 (AP-1) complex. cFOS/c-JUN heterodimer. "")","=HYPERLINK(""https://reactome.org/content/detail/R-HSA-3797196"",""AP-1 transcription factor binds IGFBP7 promoter"")","Orlic-Milacic, M",R-HSA-450327,Complex,Input,OR,0,True
"=HYPERLINK(""https://reactome.org/content/detail/R-HSA-450292"",""Formation of Activated Protein 1 (AP-1) complex. cFOS/c-JUN heterodimer. "")","=HYPERLINK(""https://reactome.org/content/detail/R-HSA-4568737"",""AP-1 transcription factor binds IL1A promoter"")","Orlic-Milacic, M",R-HSA-450327,Complex,Input,OR,0,True
"=HYPERLINK(""https://reactome.org/content/detail/R-HSA-450292"",""Formation of Activated Protein 1 (AP-1) complex. cFOS/c-JUN heterodimer. "")","=HYPERLINK(""https://reactome.org/content/detail/R-HSA-3222533"",""ERK1/2-activated AP1 complex binds KDM6B promoter"")","Orlic-Milacic, M",R-HSA-450327,Complex,Input,OR,0,True
"=HYPERLINK(""https://reactome.org/content/detail/R-HSA-450325"",""c-FOS activation by phospho ERK1/2"")","=HYPERLINK(""https://reactome.org/content/detail/R-HSA-450292"",""Formation of Activated Protein 1 (AP-1) complex. cFOS/c-JUN heterodimer. "")","Luo, F",R-HSA-450283,EntityWithAccessionedSequence,Input,AND,1,True
"=HYPERLINK(""https://reactome.org/content/detail/R-HSA-450333"",""Activated human MKK3/MKK6 phosphorylates p38 MAPK complexed with MAPKAPK2 or MAPKAPK3"")","=HYPERLINK(""https://reactome.org/content/detail/R-HSA-450222"",""Active p38 MAPK phosphorylates MAPKAPK2 or 3"")","Shamovsky, V",R-HSA-450213,Complex,Input,OR,0,True
"=HYPERLINK(""https://reactome.org/content/detail/R-HSA-4568737"",""AP-1 transcription factor binds IL1A promoter"")","=HYPERLINK(""https://reactome.org/content/detail/R-HSA-4568740"",""AP-1 stimulates IL1A transcription"")","Orlic-Milacic, M",R-HSA-4568738,Complex,Positive Regulator,AND,1,True
"=HYPERLINK(""https://reactome.org/content/detail/R-HSA-4647593"",""EP400 binds CDKN1A promoter"")","=HYPERLINK(""https://reactome.org/content/detail/R-HSA-4647613"",""Transcriptional activation of CDKN1A by TP53 is inhibited by EP400"")","Matthews, L",R-HSA-4647605,Complex,Negative Regulator,AND,-1,True
"=HYPERLINK(""https://reactome.org/content/detail/R-HSA-4647593"",""EP400 binds CDKN1A promoter"")","=HYPERLINK(""https://reactome.org/content/detail/R-HSA-4647594"",""SAHF formation"")","Orlic-Milacic, M",R-HSA-4647605,Complex,Negative Regulator,AND,-1,False
"=HYPERLINK(""https://reactome.org/content/detail/R-HSA-4793819"",""HSF1 trimer binds HSE on the target gene"")","=HYPERLINK(""https://reactome.org/content/detail/R-HSA-5082384"",""HSP70:DNAJB1 binds HSF1"")","Shamovsky, V",R-HSA-4793813,Complex,Input,OR,0,False
"=HYPERLINK(""https://reactome.org/content/detail/R-HSA-4793819"",""HSF1 trimer binds HSE on the target gene"")","=HYPERLINK(""https://reactome.org/content/detail/R-HSA-5082356"",""HSF1-mediated gene expression"")","Shamovsky, V",R-HSA-4793813,Complex,Input,OR,0,True
"=HYPERLINK(""https://reactome.org/content/detail/R-HSA-4837364"",""Secretion of SOD3"")","=HYPERLINK(""https://reactome.org/content/detail/R-HSA-3299682"",""SOD3 catalyzes 2H+ + 2O2.- => O2 + H2O2 (extracellular)"")","May, B",R-HSA-3299688,Complex,Catalyst,AND,1,True
"=HYPERLINK(""https://reactome.org/content/detail/R-HSA-5082384"",""HSP70:DNAJB1 binds HSF1"")","=HYPERLINK(""https://reactome.org/content/detail/R-HSA-3371554"",""HSF1 acetylation at Lys80"")","Shamovsky, V",R-HSA-5082415,Complex,Input,OR,0,False
"=HYPERLINK(""https://reactome.org/content/detail/R-HSA-5082387"",""Phosphorylation of HSF1 at Ser230 induces transactivation"")","=HYPERLINK(""https://reactome.org/content/detail/R-HSA-5082356"",""HSF1-mediated gene expression"")","Shamovsky, V",R-HSA-5082353,Complex,Positive Regulator,AND,1,False
"=HYPERLINK(""https://reactome.org/content/detail/R-HSA-5082391"",""Trimerization of HSF1 in the nucleus"")","=HYPERLINK(""https://reactome.org/content/detail/R-HSA-5324617"",""HSP90:FKBP4:PTGES3 binds HSF1 trimer"")","Shamovsky, V",R-HSA-4793790,Complex,Input,OR,0,False
"=HYPERLINK(""https://reactome.org/content/detail/R-HSA-5082391"",""Trimerization of HSF1 in the nucleus"")","=HYPERLINK(""https://reactome.org/content/detail/R-HSA-3371582"",""HSBP1 binds HSF1 trimer"")","Shamovsky, V",R-HSA-4793790,Complex,Input,OR,0,False
"=HYPERLINK(""https://reactome.org/content/detail/R-HSA-5082391"",""Trimerization of HSF1 in the nucleus"")","=HYPERLINK(""https://reactome.org/content/detail/R-HSA-5082405"",""Phosphorylation of HSF1 at Ser326 induces transactivation"")","Shamovsky, V",R-HSA-4793790,Complex,Input,OR,0,False
"=HYPERLINK(""https://reactome.org/content/detail/R-HSA-5082391"",""Trimerization of HSF1 in the nucleus"")","=HYPERLINK(""https://reactome.org/content/detail/R-HSA-5082387"",""Phosphorylation of HSF1 at Ser230 induces transactivation"")","Shamovsky, V",R-HSA-4793790,Complex,Input,OR,0,False
"=HYPERLINK(""https://reactome.org/content/detail/R-HSA-5082391"",""Trimerization of HSF1 in the nucleus"")","=HYPERLINK(""https://reactome.org/content/detail/R-HSA-4793819"",""HSF1 trimer binds HSE on the target gene"")","Shamovsky, V",R-HSA-4793790,Complex,Input,OR,0,True
"=HYPERLINK(""https://reactome.org/content/detail/R-HSA-5082391"",""Trimerization of HSF1 in the nucleus"")","=HYPERLINK(""https://reactome.org/content/detail/R-HSA-5333051"",""RPA1 binds HSF1"")","Shamovsky, V",R-HSA-4793790,Complex,Input,OR,0,True
"=HYPERLINK(""https://reactome.org/content/detail/R-HSA-5082405"",""Phosphorylation of HSF1 at Ser326 induces transactivation"")","=HYPERLINK(""https://reactome.org/content/detail/R-HSA-5082356"",""HSF1-mediated gene expression"")","Shamovsky, V",R-HSA-5082354,Complex,Positive Regulator,AND,1,False
"=HYPERLINK(""https://reactome.org/content/detail/R-HSA-5082409"",""Dissociation of HSF1:HSP90 complex in the nucleus"")","=HYPERLINK(""https://reactome.org/content/detail/R-HSA-5082391"",""Trimerization of HSF1 in the nucleus"")","Shamovsky, V",R-HSA-5082385,EntityWithAccessionedSequence,Input,AND,1,True
"=HYPERLINK(""https://reactome.org/content/detail/R-HSA-5251942"",""Hikeshi binds HSP70s:ATP"")","=HYPERLINK(""https://reactome.org/content/detail/R-HSA-5252041"",""NPC transports Hikeshi:HSP70s:ATP from cytosol to nucleoplasm"")","Jassal, B",R-HSA-5252091,Complex,Input,AND,1,False
"=HYPERLINK(""https://reactome.org/content/detail/R-HSA-5252041"",""NPC transports Hikeshi:HSP70s:ATP from cytosol to nucleoplasm"")","=HYPERLINK(""https://reactome.org/content/detail/R-HSA-5251955"",""HSP40s activate intrinsic ATPase activity of HSP70s in the nucleoplasm"")","Jassal, B",R-HSA-5252002,Complex,Input,OR,0,False
"=HYPERLINK(""https://reactome.org/content/detail/R-HSA-5324632"",""Dissociation of cytosolic HSF1:HSP90:HDAC6:PTGES3 upon sensing protein aggregates"")","=HYPERLINK(""https://reactome.org/content/detail/R-HSA-3371591"",""Trimerization of cytosolic HSF1"")","Shamovsky, V",R-HSA-3371452,EntityWithAccessionedSequence,Input,OR,0,True
"=HYPERLINK(""https://reactome.org/content/detail/R-HSA-5324632"",""Dissociation of cytosolic HSF1:HSP90:HDAC6:PTGES3 upon sensing protein aggregates"")","=HYPERLINK(""https://reactome.org/content/detail/R-HSA-3371531"",""Constitutive phosphorylation  by pERK1/2"")","Shamovsky, V",R-HSA-3371452,EntityWithAccessionedSequence,Input,OR,0,False
"=HYPERLINK(""https://reactome.org/content/detail/R-HSA-5324632"",""Dissociation of cytosolic HSF1:HSP90:HDAC6:PTGES3 upon sensing protein aggregates"")","=HYPERLINK(""https://reactome.org/content/detail/R-HSA-3371435"",""Constitutive phosphorylation by GSK3"")","Shamovsky, V",R-HSA-3371452,EntityWithAccessionedSequence,Input,OR,0,False
"=HYPERLINK(""https://reactome.org/content/detail/R-HSA-5324632"",""Dissociation of cytosolic HSF1:HSP90:HDAC6:PTGES3 upon sensing protein aggregates"")","=HYPERLINK(""https://reactome.org/content/detail/R-HSA-4793911"",""MAPKAPK2 phosphorylates HSF1"")","Shamovsky, V",R-HSA-3371452,EntityWithAccessionedSequence,Input,OR,0,False
"=HYPERLINK(""https://reactome.org/content/detail/R-HSA-5324632"",""Dissociation of cytosolic HSF1:HSP90:HDAC6:PTGES3 upon sensing protein aggregates"")","=HYPERLINK(""https://reactome.org/content/detail/R-HSA-5618098"",""p23 (PTGES3) binds HSP90:ATP:FKBP5:nascent protein"")","Shamovsky, V",R-HSA-265269,EntityWithAccessionedSequence,Input,OR,0,False
"=HYPERLINK(""https://reactome.org/content/detail/R-HSA-5324632"",""Dissociation of cytosolic HSF1:HSP90:HDAC6:PTGES3 upon sensing protein aggregates"")","=HYPERLINK(""https://reactome.org/content/detail/R-HSA-5618110"",""p23 (PTGES3) binds HSP90:ATP:FKBP4:nascent protein"")","Shamovsky, V",R-HSA-265269,EntityWithAccessionedSequence,Input,OR,0,False
"=HYPERLINK(""https://reactome.org/content/detail/R-HSA-5618073"",""FKBP4 replaces FKBP5 within HSP90:ATP:FKBP5:unfolded protein"")","=HYPERLINK(""https://reactome.org/content/detail/R-HSA-5618105"",""FKBP5 binds HSP90:ATP:STIP1:HSP70:nascent protein"")","Shamovsky, V",R-HSA-5618096,EntityWithAccessionedSequence,Input,AND,1,False
"=HYPERLINK(""https://reactome.org/content/detail/R-HSA-5618085"",""FKBP4 binds HSP90:ATP:STIP1:HSP70:nascent protein"")","=HYPERLINK(""https://reactome.org/content/detail/R-HSA-5618110"",""p23 (PTGES3) binds HSP90:ATP:FKBP4:nascent protein"")","Shamovsky, V",R-HSA-5618076,Complex,Input,OR,0,True
"=HYPERLINK(""https://reactome.org/content/detail/R-HSA-5618098"",""p23 (PTGES3) binds HSP90:ATP:FKBP5:nascent protein"")","=HYPERLINK(""https://reactome.org/content/detail/R-HSA-5618073"",""FKBP4 replaces FKBP5 within HSP90:ATP:FKBP5:unfolded protein"")","Shamovsky, V",R-HSA-5618074,Complex,Input,OR,0,True
"=HYPERLINK(""https://reactome.org/content/detail/R-HSA-5618098"",""p23 (PTGES3) binds HSP90:ATP:FKBP5:nascent protein"")","=HYPERLINK(""https://reactome.org/content/detail/R-HSA-3371590"",""HSP70 binds to HSP40:nascent protein"")","Shamovsky, V",R-HSA-5618079,Complex,Input,AND,1,False
"=HYPERLINK(""https://reactome.org/content/detail/R-HSA-5618098"",""p23 (PTGES3) binds HSP90:ATP:FKBP5:nascent protein"")","=HYPERLINK(""https://reactome.org/content/detail/R-HSA-3371503"",""STIP1(HOP) binds HSP90 and HSP70:HSP40:nascent protein"")","Shamovsky, V",R-HSA-443857,EntityWithAccessionedSequence,Input,OR,0,False
"=HYPERLINK(""https://reactome.org/content/detail/R-HSA-5618099"",""SH binds SHR within the HSP90 chaperone complex"")","=HYPERLINK(""https://reactome.org/content/detail/R-HSA-5618080"",""HSP90:ATP:p23:FKBP52:SHR:SH translocates to the nucleus"")","Shamovsky, V",R-HSA-8948970,Complex,Input,OR,0,True
"=HYPERLINK(""https://reactome.org/content/detail/R-HSA-5618105"",""FKBP5 binds HSP90:ATP:STIP1:HSP70:nascent protein"")","=HYPERLINK(""https://reactome.org/content/detail/R-HSA-5618098"",""p23 (PTGES3) binds HSP90:ATP:FKBP5:nascent protein"")","Shamovsky, V",R-HSA-5618095,Complex,Input,OR,0,True
"=HYPERLINK(""https://reactome.org/content/detail/R-HSA-5618107"",""ATP binding to HSP90 triggers conformation change"")","=HYPERLINK(""https://reactome.org/content/detail/R-HSA-5618105"",""FKBP5 binds HSP90:ATP:STIP1:HSP70:nascent protein"")","Shamovsky, V",R-HSA-5618106,Complex,Input,OR,0,True
"=HYPERLINK(""https://reactome.org/content/detail/R-HSA-5618107"",""ATP binding to HSP90 triggers conformation change"")","=HYPERLINK(""https://reactome.org/content/detail/R-HSA-5618085"",""FKBP4 binds HSP90:ATP:STIP1:HSP70:nascent protein"")","Shamovsky, V",R-HSA-5618106,Complex,Input,OR,0,True
"=HYPERLINK(""https://reactome.org/content/detail/R-HSA-5618110"",""p23 (PTGES3) binds HSP90:ATP:FKBP4:nascent protein"")","=HYPERLINK(""https://reactome.org/content/detail/R-HSA-3371590"",""HSP70 binds to HSP40:nascent protein"")","Shamovsky, V",R-HSA-5618079,Complex,Input,AND,1,False
"=HYPERLINK(""https://reactome.org/content/detail/R-HSA-5618110"",""p23 (PTGES3) binds HSP90:ATP:FKBP4:nascent protein"")","=HYPERLINK(""https://reactome.org/content/detail/R-HSA-3371503"",""STIP1(HOP) binds HSP90 and HSP70:HSP40:nascent protein"")","Shamovsky, V",R-HSA-443857,EntityWithAccessionedSequence,Input,OR,0,False
"=HYPERLINK(""https://reactome.org/content/detail/R-HSA-5660479"",""MTF1 dimer:12Zn2+ binds SNCB gene (beta-synuclein)"")","=HYPERLINK(""https://reactome.org/content/detail/R-HSA-5660530"",""Expression of SNCB"")","May, B",R-HSA-5660451,Complex,Positive Regulator,AND,1,True
"=HYPERLINK(""https://reactome.org/content/detail/R-HSA-5660514"",""MTF1 dimer:12Zn2+ binds CSRP1 gene"")","=HYPERLINK(""https://reactome.org/content/detail/R-HSA-5660503"",""Expression of CSRP1"")","May, B",R-HSA-5660435,Complex,Positive Regulator,AND,1,True
"=HYPERLINK(""https://reactome.org/content/detail/R-HSA-5662606"",""MT3 binds zinc"")","=HYPERLINK(""https://reactome.org/content/detail/R-HSA-5662613"",""MT3 exchanges zinc for copper"")","May, B",R-HSA-5662573,Complex,Input,OR,0,True
"=HYPERLINK(""https://reactome.org/content/detail/R-HSA-5682018"",""MRN complex bound to shortened telomeres recruits ATM"")","=HYPERLINK(""https://reactome.org/content/detail/R-HSA-6792712"",""KAT5 acetylates ATM at shortened telomeres"")","Orlic-Milacic, M",R-HSA-5682021,Complex,Input,OR,0,True
"=HYPERLINK(""https://reactome.org/content/detail/R-HSA-5682020"",""MRN complex binds shortened telomeres"")","=HYPERLINK(""https://reactome.org/content/detail/R-HSA-5682018"",""MRN complex bound to shortened telomeres recruits ATM"")","Orlic-Milacic, M",R-HSA-5682022,Complex,Input,AND,1,True
"=HYPERLINK(""https://reactome.org/content/detail/R-HSA-5682026"",""MRN bound to shortened telomeres activates ATM"")","=HYPERLINK(""https://reactome.org/content/detail/R-HSA-5693609"",""ATM phosphorylates TP53 at S15"")","Khanna, KK",R-HSA-5693527,EntityWithAccessionedSequence,Catalyst,AND,1,True
"=HYPERLINK(""https://reactome.org/content/detail/R-HSA-5682044"",""KAT5 acetylates ATM at DNA DSBs"")","=HYPERLINK(""https://reactome.org/content/detail/R-HSA-5693540"",""MRN activates ATM"")","Orlic-Milacic, M",R-HSA-5682035,Complex,Input,OR,0,True
"=HYPERLINK(""https://reactome.org/content/detail/R-HSA-5693540"",""MRN activates ATM"")","=HYPERLINK(""https://reactome.org/content/detail/R-HSA-5693609"",""ATM phosphorylates TP53 at S15"")","Khanna, KK",R-HSA-5693527,EntityWithAccessionedSequence,Catalyst,AND,1,True
"=HYPERLINK(""https://reactome.org/content/detail/R-HSA-5693609"",""ATM phosphorylates TP53 at S15"")","=HYPERLINK(""https://reactome.org/content/detail/R-HSA-3786258"",""TP53 binds the CDKN1A promoter"")","Orlic-Milacic, M",R-HSA-349474,Complex,Input,AND,1,True
"=HYPERLINK(""https://reactome.org/content/detail/R-HSA-5693609"",""ATM phosphorylates TP53 at S15"")","=HYPERLINK(""https://reactome.org/content/detail/R-HSA-4647594"",""SAHF formation"")","Orlic-Milacic, M",R-HSA-349474,Complex,Input,AND,1,False
"=HYPERLINK(""https://reactome.org/content/detail/R-HSA-5693612"",""MRN complex bound to DNA ends recruits ATM"")","=HYPERLINK(""https://reactome.org/content/detail/R-HSA-5682044"",""KAT5 acetylates ATM at DNA DSBs"")","Orlic-Milacic, M",R-HSA-3785779,Complex,Input,OR,0,True
"=HYPERLINK(""https://reactome.org/content/detail/R-HSA-6792712"",""KAT5 acetylates ATM at shortened telomeres"")","=HYPERLINK(""https://reactome.org/content/detail/R-HSA-5682026"",""MRN bound to shortened telomeres activates ATM"")","Orlic-Milacic, M",R-HSA-6792710,Complex,Input,OR,0,True
"=HYPERLINK(""https://reactome.org/content/detail/R-HSA-6804996"",""p14ARF sequesters MDM2"")","=HYPERLINK(""https://reactome.org/content/detail/R-HSA-5693609"",""ATM phosphorylates TP53 at S15"")","Khanna, KK",R-HSA-3209194,Complex,Input,OR,0,False
"=HYPERLINK(""https://reactome.org/content/detail/R-HSA-6804996"",""p14ARF sequesters MDM2"")","=HYPERLINK(""https://reactome.org/content/detail/R-HSA-6804879"",""MDM2 ubiquitinates TP53"")","Orlic-Milacic, M",R-HSA-6804995,Complex,Negative Regulator,AND,-1,False
"=HYPERLINK(""https://reactome.org/content/detail/R-HSA-6804996"",""p14ARF sequesters MDM2"")","=HYPERLINK(""https://reactome.org/content/detail/R-HSA-3239014"",""MAPKAPK5 phosphorylates TP53"")","Orlic-Milacic, M",R-HSA-3209194,Complex,Input,OR,0,False
"=HYPERLINK(""https://reactome.org/content/detail/R-HSA-6804998"",""p14ARF forms a ternary complex with MDM2 and TP53"")","=HYPERLINK(""https://reactome.org/content/detail/R-HSA-6804996"",""p14ARF sequesters MDM2"")","Orlic-Milacic, M",R-HSA-6804999,Complex,Input,OR,0,True
"=HYPERLINK(""https://reactome.org/content/detail/R-HSA-8951723"",""2xSOD1:CCS:Zn2+:2xCu1+ dimer dissociates"")","=HYPERLINK(""https://reactome.org/content/detail/R-HSA-3299753"",""CCS transfers Cu to SOD1 and oxidizes cysteine residues in SOD1"")","May, B",R-HSA-3299706,Complex,Input,OR,0,True
"=HYPERLINK(""https://reactome.org/content/detail/R-HSA-8979071"",""KDM6B binds iron"")","=HYPERLINK(""https://reactome.org/content/detail/R-HSA-3222593"",""KDM6B demethylates H3K27me3 on p16INK4A promoter"")","Orlic-Milacic, M",R-HSA-3222589,Complex,Catalyst,AND,1,True
"=HYPERLINK(""https://reactome.org/content/detail/R-HSA-8979071"",""KDM6B binds iron"")","=HYPERLINK(""https://reactome.org/content/detail/R-HSA-3223200"",""Demethylation of H3K27Me3 by KDM6B stimulates p16INK4A transcription, while binding of PRC1.4 complex to H3K27Me3 represses p16INK4A transcription"")","Orlic-Milacic, M",R-HSA-3222589,Complex,Catalyst,AND,1,False
"=HYPERLINK(""https://reactome.org/content/detail/R-HSA-9633005"",""EIF2AK4 (GCN2) binds tRNA"")","=HYPERLINK(""https://reactome.org/content/detail/R-HSA-9633742"",""EIF2AK4 (GCN2) dimer autophosphorylates"")","May, B",R-HSA-9633013,Complex,Input,OR,0,True
"=HYPERLINK(""https://reactome.org/content/detail/R-HSA-9633008"",""p-T899-EIF2AK4 (GCN2) phosphorylates EIF2AS1"")","=HYPERLINK(""https://reactome.org/content/detail/R-HSA-381128"",""Translation of ATF4 "")","May, B",R-HSA-9633006,Complex,Positive Regulator,AND,1,True
"=HYPERLINK(""https://reactome.org/content/detail/R-HSA-9633008"",""p-T899-EIF2AK4 (GCN2) phosphorylates EIF2AS1"")","=HYPERLINK(""https://reactome.org/content/detail/R-HSA-9650722"",""Translation of DDIT3"")","May, B",R-HSA-9633006,Complex,Positive Regulator,AND,1,True
"=HYPERLINK(""https://reactome.org/content/detail/R-HSA-9633008"",""p-T899-EIF2AK4 (GCN2) phosphorylates EIF2AS1"")","=HYPERLINK(""https://reactome.org/content/detail/R-HSA-9653745"",""Translation of ATF5"")","May, B",R-HSA-9633006,Complex,Positive Regulator,AND,1,False
"=HYPERLINK(""https://reactome.org/content/detail/R-HSA-9633008"",""p-T899-EIF2AK4 (GCN2) phosphorylates EIF2AS1"")","=HYPERLINK(""https://reactome.org/content/detail/R-HSA-9650710"",""Translation of PPP1R15A"")","May, B",R-HSA-9633006,Complex,Positive Regulator,AND,1,False
"=HYPERLINK(""https://reactome.org/content/detail/R-HSA-9633742"",""EIF2AK4 (GCN2) dimer autophosphorylates"")","=HYPERLINK(""https://reactome.org/content/detail/R-HSA-9633008"",""p-T899-EIF2AK4 (GCN2) phosphorylates EIF2AS1"")","May, B",R-HSA-9633821,Complex,Catalyst,AND,1,False
"=HYPERLINK(""https://reactome.org/content/detail/R-HSA-9635804"",""ATF4 and phospho-ATF2 bind the DDIT3 promoter"")","=HYPERLINK(""https://reactome.org/content/detail/R-HSA-9644926"",""Transcription of DDIT3 (CHOP, GADD153) in response to amino acid deficiency"")","May, B",R-HSA-9635843,Complex,Positive Regulator,AND,1,True
"=HYPERLINK(""https://reactome.org/content/detail/R-HSA-9635892"",""ATF4 binds the ATF3 gene"")","=HYPERLINK(""https://reactome.org/content/detail/R-HSA-1791173"",""Expression of ATF3"")","May, B",R-HSA-9635905,Complex,Positive Regulator,AND,1,True
"=HYPERLINK(""https://reactome.org/content/detail/R-HSA-9635915"",""ATF4 and CEBPB,CEBPG bind the ASNS gene"")","=HYPERLINK(""https://reactome.org/content/detail/R-HSA-1791118"",""Expression of ASNS (Asparagine Synthetase)"")","May, B",R-HSA-9635898,Complex,Positive Regulator,AND,1,True
"=HYPERLINK(""https://reactome.org/content/detail/R-HSA-9635918"",""Expression of CEBPB in response to stress"")","=HYPERLINK(""https://reactome.org/content/detail/R-HSA-3857329"",""MAPK3 (ERK1) and MAPK1 (ERK2) phosphorylate CEBPB"")","Orlic-Milacic, M",R-HSA-381378,EntityWithAccessionedSequence,Input,OR,0,False
"=HYPERLINK(""https://reactome.org/content/detail/R-HSA-9635918"",""Expression of CEBPB in response to stress"")","=HYPERLINK(""https://reactome.org/content/detail/R-HSA-9653893"",""ATF4, CEBPB, and ATF3 bind the CHAC1 promoter"")","May, B",R-HSA-381378,EntityWithAccessionedSequence,Input,OR,0,False
"=HYPERLINK(""https://reactome.org/content/detail/R-HSA-9635927"",""ATF4 and a CEBP protein bind the TRIB3 promoter"")","=HYPERLINK(""https://reactome.org/content/detail/R-HSA-9635912"",""Expression of TRIB3 in response to stress"")","May, B",R-HSA-9635876,Complex,Positive Regulator,AND,1,True
"=HYPERLINK(""https://reactome.org/content/detail/R-HSA-9635936"",""ATF4 binds the CEBPB gene"")","=HYPERLINK(""https://reactome.org/content/detail/R-HSA-9635918"",""Expression of CEBPB in response to stress"")","May, B",R-HSA-9635875,Complex,Positive Regulator,AND,1,True
"=HYPERLINK(""https://reactome.org/content/detail/R-HSA-9639286"",""RRAGC,D exchanges GTP for GDP"")","=HYPERLINK(""https://reactome.org/content/detail/R-HSA-9640175"",""v-ATPase:Ragulator:RagA,B:GDP:RagC,D:GDP binds SLC38A9:Arginine"")","May, B",R-HSA-9640184,Complex,Input,AND,1,True
"=HYPERLINK(""https://reactome.org/content/detail/R-HSA-9639287"",""SESN1,2 binds L-leucine and dissociates from GATOR2"")","=HYPERLINK(""https://reactome.org/content/detail/R-HSA-9640195"",""RRAGA,B hydrolyzes GTP"")","May, B",R-HSA-9639281,Complex,Negative Regulator,AND,-1,False
"=HYPERLINK(""https://reactome.org/content/detail/R-HSA-9640167"",""RRAGA,B exchanges GDP for GTP"")","=HYPERLINK(""https://reactome.org/content/detail/R-HSA-9640168"",""v-ATPase:Ragulator:RRAGA,B:GTP:RRAGC,D:GDP:SLC38A9:Arginine dissociates yielding v-ATPase:Ragulator:RRAGA,B:GTP:RRAGC,D:GDP and SLC38A9:Arginine"")","May, B",R-HSA-9639283,Complex,Input,OR,0,True
"=HYPERLINK(""https://reactome.org/content/detail/R-HSA-9640168"",""v-ATPase:Ragulator:RRAGA,B:GTP:RRAGC,D:GDP:SLC38A9:Arginine dissociates yielding v-ATPase:Ragulator:RRAGA,B:GTP:RRAGC,D:GDP and SLC38A9:Arginine"")","=HYPERLINK(""https://reactome.org/content/detail/R-HSA-9640175"",""v-ATPase:Ragulator:RagA,B:GDP:RagC,D:GDP binds SLC38A9:Arginine"")","May, B",R-HSA-9640172,Complex,Input,AND,1,False
"=HYPERLINK(""https://reactome.org/content/detail/R-HSA-9640168"",""v-ATPase:Ragulator:RRAGA,B:GTP:RRAGC,D:GDP:SLC38A9:Arginine dissociates yielding v-ATPase:Ragulator:RRAGA,B:GTP:RRAGC,D:GDP and SLC38A9:Arginine"")","=HYPERLINK(""https://reactome.org/content/detail/R-HSA-9645608"",""v-ATPase:Ragulator:RRAGA,B:GTP:RRAGC,D:GDP binds mTORC1"")","May, B",R-HSA-9639277,Complex,Input,AND,1,True
"=HYPERLINK(""https://reactome.org/content/detail/R-HSA-9640175"",""v-ATPase:Ragulator:RagA,B:GDP:RagC,D:GDP binds SLC38A9:Arginine"")","=HYPERLINK(""https://reactome.org/content/detail/R-HSA-9640167"",""RRAGA,B exchanges GDP for GTP"")","May, B",R-HSA-9640192,Complex,Input,OR,0,True
"=HYPERLINK(""https://reactome.org/content/detail/R-HSA-9640237"",""CASTOR1 in CASTOR1:CASTOR2 binds L-arginine and dissociates from GATOR2"")","=HYPERLINK(""https://reactome.org/content/detail/R-HSA-9640195"",""RRAGA,B hydrolyzes GTP"")","May, B",R-HSA-9639281,Complex,Negative Regulator,AND,-1,False
"=HYPERLINK(""https://reactome.org/content/detail/R-HSA-9644926"",""Transcription of DDIT3 (CHOP, GADD153) in response to amino acid deficiency"")","=HYPERLINK(""https://reactome.org/content/detail/R-HSA-9650722"",""Translation of DDIT3"")","May, B",R-HSA-9650719,EntityWithAccessionedSequence,Input,OR,0,True
"=HYPERLINK(""https://reactome.org/content/detail/R-HSA-9645598"",""RRAGC,D hydrolyzes GTP"")","=HYPERLINK(""https://reactome.org/content/detail/R-HSA-9640175"",""v-ATPase:Ragulator:RagA,B:GDP:RagC,D:GDP binds SLC38A9:Arginine"")","May, B",R-HSA-9640184,Complex,Input,AND,1,False
"=HYPERLINK(""https://reactome.org/content/detail/R-HSA-9645608"",""v-ATPase:Ragulator:RRAGA,B:GTP:RRAGC,D:GDP binds mTORC1"")","=HYPERLINK(""https://reactome.org/content/detail/R-HSA-9646468"",""mTORC1 binds RHEB:GTP"")","May, B",R-HSA-9645607,Complex,Input,AND,1,True
"=HYPERLINK(""https://reactome.org/content/detail/R-HSA-9645672"",""p14ARF translocates to the nucleus"")","=HYPERLINK(""https://reactome.org/content/detail/R-HSA-6804998"",""p14ARF forms a ternary complex with MDM2 and TP53"")","Orlic-Milacic, M",R-HSA-1629813,EntityWithAccessionedSequence,Input,OR,0,True
"=HYPERLINK(""https://reactome.org/content/detail/R-HSA-9646468"",""mTORC1 binds RHEB:GTP"")","=HYPERLINK(""https://reactome.org/content/detail/R-HSA-9640195"",""RRAGA,B hydrolyzes GTP"")","May, B",R-HSA-9646467,Complex,Input,OR,0,False
"=HYPERLINK(""https://reactome.org/content/detail/R-HSA-9648880"",""Ferriheme dissociates from p-T-EIF2AK1:2xferriheme dimer"")","=HYPERLINK(""https://reactome.org/content/detail/R-HSA-9648883"",""p-T-EIF2AK1:ferriheme dimer autophosphorylates"")","May, B",R-HSA-9648893,Complex,Input,OR,0,True
"=HYPERLINK(""https://reactome.org/content/detail/R-HSA-9648883"",""p-T-EIF2AK1:ferriheme dimer autophosphorylates"")","=HYPERLINK(""https://reactome.org/content/detail/R-HSA-9648888"",""p-T,T486,T488-EIF2AK1 phosphorylates EIF2S1 (eIF2-alpha)"")","May, B",R-HSA-9648885,Complex,Catalyst,AND,1,True
"=HYPERLINK(""https://reactome.org/content/detail/R-HSA-9648888"",""p-T,T486,T488-EIF2AK1 phosphorylates EIF2S1 (eIF2-alpha)"")","=HYPERLINK(""https://reactome.org/content/detail/R-HSA-381128"",""Translation of ATF4 "")","May, B",R-HSA-9633006,Complex,Positive Regulator,AND,1,True
"=HYPERLINK(""https://reactome.org/content/detail/R-HSA-9648888"",""p-T,T486,T488-EIF2AK1 phosphorylates EIF2S1 (eIF2-alpha)"")","=HYPERLINK(""https://reactome.org/content/detail/R-HSA-9650722"",""Translation of DDIT3"")","May, B",R-HSA-9633006,Complex,Positive Regulator,AND,1,True
"=HYPERLINK(""https://reactome.org/content/detail/R-HSA-9648888"",""p-T,T486,T488-EIF2AK1 phosphorylates EIF2S1 (eIF2-alpha)"")","=HYPERLINK(""https://reactome.org/content/detail/R-HSA-9653745"",""Translation of ATF5"")","May, B",R-HSA-9633006,Complex,Positive Regulator,AND,1,True
"=HYPERLINK(""https://reactome.org/content/detail/R-HSA-9648888"",""p-T,T486,T488-EIF2AK1 phosphorylates EIF2S1 (eIF2-alpha)"")","=HYPERLINK(""https://reactome.org/content/detail/R-HSA-9650710"",""Translation of PPP1R15A"")","May, B",R-HSA-9633006,Complex,Positive Regulator,AND,1,True
"=HYPERLINK(""https://reactome.org/content/detail/R-HSA-9653724"",""Transcription of ATF5"")","=HYPERLINK(""https://reactome.org/content/detail/R-HSA-9653745"",""Translation of ATF5"")","May, B",R-HSA-9653717,EntityWithAccessionedSequence,Input,AND,1,True
"=HYPERLINK(""https://reactome.org/content/detail/R-HSA-9653742"",""ATF4 and a CEBP protein bind the ATF5 promoter"")","=HYPERLINK(""https://reactome.org/content/detail/R-HSA-9653724"",""Transcription of ATF5"")","May, B",R-HSA-9653740,Complex,Positive Regulator,AND,1,True
"=HYPERLINK(""https://reactome.org/content/detail/R-HSA-9653893"",""ATF4, CEBPB, and ATF3 bind the CHAC1 promoter"")","=HYPERLINK(""https://reactome.org/content/detail/R-HSA-9653894"",""Expression of CHAC1"")","May, B",R-HSA-9653892,Complex,Positive Regulator,AND,1,True
"=HYPERLINK(""https://reactome.org/content/detail/R-HSA-9654752"",""ATF4 binds the PPP1R15A (GADD34) promoter"")","=HYPERLINK(""https://reactome.org/content/detail/R-HSA-9654774"",""Transcription of PPP1R15A"")","May, B",R-HSA-9654773,Complex,Positive Regulator,AND,1,True
"=HYPERLINK(""https://reactome.org/content/detail/R-HSA-9654774"",""Transcription of PPP1R15A"")","=HYPERLINK(""https://reactome.org/content/detail/R-HSA-9650710"",""Translation of PPP1R15A"")","May, B",R-HSA-9650727,EntityWithAccessionedSequence,Input,AND,1,False
"=HYPERLINK(""https://reactome.org/content/detail/R-HSA-9655071"",""Transcription of DDIT3 (CHOP, GADD153) in response to heme deficiency"")","=HYPERLINK(""https://reactome.org/content/detail/R-HSA-9650722"",""Translation of DDIT3"")","May, B",R-HSA-9650719,EntityWithAccessionedSequence,Input,OR,0,False
"=HYPERLINK(""https://reactome.org/content/detail/R-HSA-9655086"",""ATF4 binds the DDIT3 promoter"")","=HYPERLINK(""https://reactome.org/content/detail/R-HSA-9655071"",""Transcription of DDIT3 (CHOP, GADD153) in response to heme deficiency"")","May, B",R-HSA-9655080,Complex,Positive Regulator,AND,1,True
"=HYPERLINK(""https://reactome.org/content/detail/R-HSA-9657619"",""CASTOR1 homodimer binds L-arginine and dissociates from GATOR2"")","=HYPERLINK(""https://reactome.org/content/detail/R-HSA-9640195"",""RRAGA,B hydrolyzes GTP"")","May, B",R-HSA-9639281,Complex,Negative Regulator,AND,-1,False
"=HYPERLINK(""https://reactome.org/content/detail/R-HSA-1234159"",""Proteasome proteolyzes ub-HIF-alpha"")","=HYPERLINK(""https://reactome.org/content/detail/R-HSA-1234179"",""Cytosolic PHD2,3 hydroxylates proline residues on EPAS1 (HIF2A)"")","May, B",R-HSA-8932458,Complex,Input,AND,1,False
"=HYPERLINK(""https://reactome.org/content/detail/R-HSA-1234159"",""Proteasome proteolyzes ub-HIF-alpha"")","=HYPERLINK(""https://reactome.org/content/detail/R-HSA-1234177"",""Cytosolic PHD2,3 hydroxylates proline residues on HIF1A"")","May, B",R-HSA-8932458,Complex,Input,AND,1,False
"=HYPERLINK(""https://reactome.org/content/detail/R-HSA-1234159"",""Proteasome proteolyzes ub-HIF-alpha"")","=HYPERLINK(""https://reactome.org/content/detail/R-HSA-1234183"",""Cytosolic VHL:EloB,C:CUL2:RBX1 binds hydroxyprolyl-HIF-alpha "")","May, B",R-HSA-8932458,Complex,Input,AND,1,False
"=HYPERLINK(""https://reactome.org/content/detail/R-HSA-1234159"",""Proteasome proteolyzes ub-HIF-alpha"")","=HYPERLINK(""https://reactome.org/content/detail/R-HSA-1234173"",""Cytosolic PHD2,3 hydroxylates proline residues on HIF3A"")","May, B",R-HSA-8932458,Complex,Input,AND,1,False
"=HYPERLINK(""https://reactome.org/content/detail/R-HSA-1234161"",""HIF-alpha translocates from cytosol to nucleus"")","=HYPERLINK(""https://reactome.org/content/detail/R-HSA-1234166"",""Nuclear PHD1,3 hydroxylates proline residues on EPAS1 (HIF2A)"")","May, B",R-HSA-452560,EntityWithAccessionedSequence,Input,OR,0,False
"=HYPERLINK(""https://reactome.org/content/detail/R-HSA-1234161"",""HIF-alpha translocates from cytosol to nucleus"")","=HYPERLINK(""https://reactome.org/content/detail/R-HSA-1234181"",""Nuclear PHD1,3 hydroxylates proline residues on HIF1A"")","May, B",R-HSA-1234135,EntityWithAccessionedSequence,Input,OR,0,False
"=HYPERLINK(""https://reactome.org/content/detail/R-HSA-1234161"",""HIF-alpha translocates from cytosol to nucleus"")","=HYPERLINK(""https://reactome.org/content/detail/R-HSA-1234165"",""Nuclear PHD1,3 hydroxylates proline residues on HIF3A"")","May, B",R-HSA-453015,EntityWithAccessionedSequence,Input,OR,0,False
"=HYPERLINK(""https://reactome.org/content/detail/R-HSA-1234161"",""HIF-alpha translocates from cytosol to nucleus"")","=HYPERLINK(""https://reactome.org/content/detail/R-HSA-1234171"",""HIF-alpha binds ARNT (HIF1-beta) forming HIF-alpha:ARNT"")","May, B",R-HSA-453015,EntityWithAccessionedSequence,Input,OR,0,True
"=HYPERLINK(""https://reactome.org/content/detail/R-HSA-1234161"",""HIF-alpha translocates from cytosol to nucleus"")","=HYPERLINK(""https://reactome.org/content/detail/R-HSA-1234171"",""HIF-alpha binds ARNT (HIF1-beta) forming HIF-alpha:ARNT"")","May, B",R-HSA-1234135,EntityWithAccessionedSequence,Input,OR,0,True
"=HYPERLINK(""https://reactome.org/content/detail/R-HSA-1234161"",""HIF-alpha translocates from cytosol to nucleus"")","=HYPERLINK(""https://reactome.org/content/detail/R-HSA-1234171"",""HIF-alpha binds ARNT (HIF1-beta) forming HIF-alpha:ARNT"")","May, B",R-HSA-452560,EntityWithAccessionedSequence,Input,OR,0,True
"=HYPERLINK(""https://reactome.org/content/detail/R-HSA-168162"",""Phosphorylation of human JNKs by activated MKK4/MKK7"")","=HYPERLINK(""https://reactome.org/content/detail/R-HSA-450348"",""Activated human JNKs migrate to nucleoplasm"")","Shamovsky, V",R-HSA-450214,EntityWithAccessionedSequence,Input,OR,0,True
"=HYPERLINK(""https://reactome.org/content/detail/R-HSA-168162"",""Phosphorylation of human JNKs by activated MKK4/MKK7"")","=HYPERLINK(""https://reactome.org/content/detail/R-HSA-450348"",""Activated human JNKs migrate to nucleoplasm"")","Shamovsky, V",R-HSA-194371,EntityWithAccessionedSequence,Input,OR,0,True
"=HYPERLINK(""https://reactome.org/content/detail/R-HSA-168162"",""Phosphorylation of human JNKs by activated MKK4/MKK7"")","=HYPERLINK(""https://reactome.org/content/detail/R-HSA-450348"",""Activated human JNKs migrate to nucleoplasm"")","Shamovsky, V",R-HSA-450293,EntityWithAccessionedSequence,Input,OR,0,True
"=HYPERLINK(""https://reactome.org/content/detail/R-HSA-198746"",""ERK1/2/5 activate RSK1/2/3"")","=HYPERLINK(""https://reactome.org/content/detail/R-HSA-3857328"",""RPS6KA1/2/3 phosphorylates CEBPB on S321"")","Orlic-Milacic, M",R-HSA-199830,EntityWithAccessionedSequence,Catalyst,AND,1,True
"=HYPERLINK(""https://reactome.org/content/detail/R-HSA-198746"",""ERK1/2/5 activate RSK1/2/3"")","=HYPERLINK(""https://reactome.org/content/detail/R-HSA-3857328"",""RPS6KA1/2/3 phosphorylates CEBPB on S321"")","Orlic-Milacic, M",R-HSA-199829,EntityWithAccessionedSequence,Catalyst,AND,1,True
"=HYPERLINK(""https://reactome.org/content/detail/R-HSA-198746"",""ERK1/2/5 activate RSK1/2/3"")","=HYPERLINK(""https://reactome.org/content/detail/R-HSA-3857328"",""RPS6KA1/2/3 phosphorylates CEBPB on S321"")","Orlic-Milacic, M",R-HSA-199871,EntityWithAccessionedSequence,Catalyst,AND,1,True
"=HYPERLINK(""https://reactome.org/content/detail/R-HSA-3132737"",""MAPKs phosphorylate ETS1 and ETS2"")","=HYPERLINK(""https://reactome.org/content/detail/R-HSA-3209165"",""ID1 sequesters ETS2"")","Orlic-Milacic, M",R-HSA-3132735,EntityWithAccessionedSequence,Input,OR,0,True
"=HYPERLINK(""https://reactome.org/content/detail/R-HSA-3132737"",""MAPKs phosphorylate ETS1 and ETS2"")","=HYPERLINK(""https://reactome.org/content/detail/R-HSA-3200023"",""Phosphorylated ETS1 binds p16INK4A promoter"")","Orlic-Milacic, M",R-HSA-3132720,EntityWithAccessionedSequence,Input,AND,1,True
"=HYPERLINK(""https://reactome.org/content/detail/R-HSA-3132737"",""MAPKs phosphorylate ETS1 and ETS2"")","=HYPERLINK(""https://reactome.org/content/detail/R-HSA-8979082"",""Phosphorylated ETS2 binds p16INK4A promoter"")","Orlic-Milacic, M",R-HSA-3132735,EntityWithAccessionedSequence,Input,OR,0,True
"=HYPERLINK(""https://reactome.org/content/detail/R-HSA-3225867"",""Expression of MINK1/TNIK is positively regulated by ROS"")","=HYPERLINK(""https://reactome.org/content/detail/R-HSA-3225851"",""ROS oxidize thioredoxin and activate MAP3K5"")","Orlic-Milacic, M",R-HSA-3214889,EntityWithAccessionedSequence,Positive Regulator,AND,1,False
"=HYPERLINK(""https://reactome.org/content/detail/R-HSA-3225867"",""Expression of MINK1/TNIK is positively regulated by ROS"")","=HYPERLINK(""https://reactome.org/content/detail/R-HSA-3225851"",""ROS oxidize thioredoxin and activate MAP3K5"")","Orlic-Milacic, M",R-HSA-3214893,EntityWithAccessionedSequence,Positive Regulator,AND,1,False
"=HYPERLINK(""https://reactome.org/content/detail/R-HSA-3225867"",""Expression of MINK1/TNIK is positively regulated by ROS"")","=HYPERLINK(""https://reactome.org/content/detail/R-HSA-3225851"",""ROS oxidize thioredoxin and activate MAP3K5"")","Orlic-Milacic, M",R-HSA-2532788,EntityWithAccessionedSequence,Positive Regulator,AND,1,False
"=HYPERLINK(""https://reactome.org/content/detail/R-HSA-3228469"",""MAP3K5 phosphorylates MKK3 and MKK6"")","=HYPERLINK(""https://reactome.org/content/detail/R-HSA-450296"",""Phosphorylated MKK3/MKK6 migrates to nucleus"")","Shamovsky, V",R-HSA-167955,EntityWithAccessionedSequence,Input,OR,0,True
"=HYPERLINK(""https://reactome.org/content/detail/R-HSA-3228469"",""MAP3K5 phosphorylates MKK3 and MKK6"")","=HYPERLINK(""https://reactome.org/content/detail/R-HSA-450296"",""Phosphorylated MKK3/MKK6 migrates to nucleus"")","Shamovsky, V",R-HSA-206255,EntityWithAccessionedSequence,Input,OR,0,True
"=HYPERLINK(""https://reactome.org/content/detail/R-HSA-3371586"",""Dissociation of cytosolic HSF1:HSP90 complex"")","=HYPERLINK(""https://reactome.org/content/detail/R-HSA-3371503"",""STIP1(HOP) binds HSP90 and HSP70:HSP40:nascent protein"")","Shamovsky, V",R-HSA-3371509,Complex,Input,OR,0,False
"=HYPERLINK(""https://reactome.org/content/detail/R-HSA-3371586"",""Dissociation of cytosolic HSF1:HSP90 complex"")","=HYPERLINK(""https://reactome.org/content/detail/R-HSA-3371503"",""STIP1(HOP) binds HSP90 and HSP70:HSP40:nascent protein"")","Shamovsky, V",R-HSA-1221657,Complex,Input,OR,0,False
"=HYPERLINK(""https://reactome.org/content/detail/R-HSA-450296"",""Phosphorylated MKK3/MKK6 migrates to nucleus"")","=HYPERLINK(""https://reactome.org/content/detail/R-HSA-3238999"",""Activated human MKK3/MKK6 phosphorylates p38 MAPK complexed with MAPKAPK5"")","Orlic-Milacic, M",R-HSA-450229,EntityWithAccessionedSequence,Catalyst,AND,1,True
"=HYPERLINK(""https://reactome.org/content/detail/R-HSA-450296"",""Phosphorylated MKK3/MKK6 migrates to nucleus"")","=HYPERLINK(""https://reactome.org/content/detail/R-HSA-3238999"",""Activated human MKK3/MKK6 phosphorylates p38 MAPK complexed with MAPKAPK5"")","Orlic-Milacic, M",R-HSA-450258,EntityWithAccessionedSequence,Catalyst,AND,1,True
"=HYPERLINK(""https://reactome.org/content/detail/R-HSA-450296"",""Phosphorylated MKK3/MKK6 migrates to nucleus"")","=HYPERLINK(""https://reactome.org/content/detail/R-HSA-450333"",""Activated human MKK3/MKK6 phosphorylates p38 MAPK complexed with MAPKAPK2 or MAPKAPK3"")","Shamovsky, V",R-HSA-450229,EntityWithAccessionedSequence,Catalyst,AND,1,True
"=HYPERLINK(""https://reactome.org/content/detail/R-HSA-450296"",""Phosphorylated MKK3/MKK6 migrates to nucleus"")","=HYPERLINK(""https://reactome.org/content/detail/R-HSA-450333"",""Activated human MKK3/MKK6 phosphorylates p38 MAPK complexed with MAPKAPK2 or MAPKAPK3"")","Shamovsky, V",R-HSA-450258,EntityWithAccessionedSequence,Catalyst,AND,1,True
"=HYPERLINK(""https://reactome.org/content/detail/R-HSA-450348"",""Activated human JNKs migrate to nucleoplasm"")","=HYPERLINK(""https://reactome.org/content/detail/R-HSA-168136"",""Activated JNKs phosphorylate c-JUN"")","Luo, F",R-HSA-450311,EntityWithAccessionedSequence,Catalyst,AND,1,True
"=HYPERLINK(""https://reactome.org/content/detail/R-HSA-450348"",""Activated human JNKs migrate to nucleoplasm"")","=HYPERLINK(""https://reactome.org/content/detail/R-HSA-168136"",""Activated JNKs phosphorylate c-JUN"")","Luo, F",R-HSA-450319,EntityWithAccessionedSequence,Catalyst,AND,1,True
"=HYPERLINK(""https://reactome.org/content/detail/R-HSA-450348"",""Activated human JNKs migrate to nucleoplasm"")","=HYPERLINK(""https://reactome.org/content/detail/R-HSA-168136"",""Activated JNKs phosphorylate c-JUN"")","Luo, F",R-HSA-216349,EntityWithAccessionedSequence,Catalyst,AND,1,True
"=HYPERLINK(""https://reactome.org/content/detail/R-HSA-5082356"",""HSF1-mediated gene expression"")","=HYPERLINK(""https://reactome.org/content/detail/R-HSA-5251955"",""HSP40s activate intrinsic ATPase activity of HSP70s in the nucleoplasm"")","Jassal, B",R-HSA-5082366,EntityWithAccessionedSequence,Catalyst,AND,1,False
"=HYPERLINK(""https://reactome.org/content/detail/R-HSA-5082369"",""Acetylated HSF1 dissociates from DNA"")","=HYPERLINK(""https://reactome.org/content/detail/R-HSA-4793819"",""HSF1 trimer binds HSE on the target gene"")","Shamovsky, V",R-HSA-4793737,EntityWithAccessionedSequence,Input,OR,0,False
"=HYPERLINK(""https://reactome.org/content/detail/R-HSA-5082369"",""Acetylated HSF1 dissociates from DNA"")","=HYPERLINK(""https://reactome.org/content/detail/R-HSA-4793819"",""HSF1 trimer binds HSE on the target gene"")","Shamovsky, V",R-HSA-4793736,EntityWithAccessionedSequence,Input,OR,0,False
"=HYPERLINK(""https://reactome.org/content/detail/R-HSA-5082369"",""Acetylated HSF1 dissociates from DNA"")","=HYPERLINK(""https://reactome.org/content/detail/R-HSA-4793819"",""HSF1 trimer binds HSE on the target gene"")","Shamovsky, V",R-HSA-4793835,EntityWithAccessionedSequence,Input,OR,0,False
"=HYPERLINK(""https://reactome.org/content/detail/R-HSA-5082369"",""Acetylated HSF1 dissociates from DNA"")","=HYPERLINK(""https://reactome.org/content/detail/R-HSA-4793819"",""HSF1 trimer binds HSE on the target gene"")","Shamovsky, V",R-HSA-4793838,EntityWithAccessionedSequence,Input,OR,0,False
"=HYPERLINK(""https://reactome.org/content/detail/R-HSA-5082369"",""Acetylated HSF1 dissociates from DNA"")","=HYPERLINK(""https://reactome.org/content/detail/R-HSA-4793819"",""HSF1 trimer binds HSE on the target gene"")","Shamovsky, V",R-HSA-4793806,DefinedSet,Input,OR,0,False
"=HYPERLINK(""https://reactome.org/content/detail/R-HSA-5082369"",""Acetylated HSF1 dissociates from DNA"")","=HYPERLINK(""https://reactome.org/content/detail/R-HSA-4793819"",""HSF1 trimer binds HSE on the target gene"")","Shamovsky, V",R-HSA-4793839,EntityWithAccessionedSequence,Input,OR,0,False
"=HYPERLINK(""https://reactome.org/content/detail/R-HSA-5082369"",""Acetylated HSF1 dissociates from DNA"")","=HYPERLINK(""https://reactome.org/content/detail/R-HSA-4793819"",""HSF1 trimer binds HSE on the target gene"")","Shamovsky, V",R-HSA-4793822,EntityWithAccessionedSequence,Input,OR,0,False
"=HYPERLINK(""https://reactome.org/content/detail/R-HSA-5082369"",""Acetylated HSF1 dissociates from DNA"")","=HYPERLINK(""https://reactome.org/content/detail/R-HSA-4793819"",""HSF1 trimer binds HSE on the target gene"")","Shamovsky, V",R-HSA-4793793,EntityWithAccessionedSequence,Input,OR,0,False
"=HYPERLINK(""https://reactome.org/content/detail/R-HSA-5082369"",""Acetylated HSF1 dissociates from DNA"")","=HYPERLINK(""https://reactome.org/content/detail/R-HSA-4793819"",""HSF1 trimer binds HSE on the target gene"")","Shamovsky, V",R-HSA-4793828,EntityWithAccessionedSequence,Input,OR,0,False
"=HYPERLINK(""https://reactome.org/content/detail/R-HSA-5082369"",""Acetylated HSF1 dissociates from DNA"")","=HYPERLINK(""https://reactome.org/content/detail/R-HSA-4793819"",""HSF1 trimer binds HSE on the target gene"")","Shamovsky, V",R-HSA-4793792,EntityWithAccessionedSequence,Input,OR,0,False
"=HYPERLINK(""https://reactome.org/content/detail/R-HSA-5082369"",""Acetylated HSF1 dissociates from DNA"")","=HYPERLINK(""https://reactome.org/content/detail/R-HSA-4793819"",""HSF1 trimer binds HSE on the target gene"")","Shamovsky, V",R-HSA-4793732,EntityWithAccessionedSequence,Input,OR,0,False
"=HYPERLINK(""https://reactome.org/content/detail/R-HSA-5082369"",""Acetylated HSF1 dissociates from DNA"")","=HYPERLINK(""https://reactome.org/content/detail/R-HSA-4793819"",""HSF1 trimer binds HSE on the target gene"")","Shamovsky, V",R-HSA-4793798,EntityWithAccessionedSequence,Input,OR,0,False
"=HYPERLINK(""https://reactome.org/content/detail/R-HSA-5082369"",""Acetylated HSF1 dissociates from DNA"")","=HYPERLINK(""https://reactome.org/content/detail/R-HSA-4793819"",""HSF1 trimer binds HSE on the target gene"")","Shamovsky, V",R-HSA-4793830,EntityWithAccessionedSequence,Input,OR,0,False
"=HYPERLINK(""https://reactome.org/content/detail/R-HSA-5082369"",""Acetylated HSF1 dissociates from DNA"")","=HYPERLINK(""https://reactome.org/content/detail/R-HSA-4793819"",""HSF1 trimer binds HSE on the target gene"")","Shamovsky, V",R-HSA-4793817,EntityWithAccessionedSequence,Input,OR,0,False
"=HYPERLINK(""https://reactome.org/content/detail/R-HSA-5082369"",""Acetylated HSF1 dissociates from DNA"")","=HYPERLINK(""https://reactome.org/content/detail/R-HSA-4793819"",""HSF1 trimer binds HSE on the target gene"")","Shamovsky, V",R-HSA-4793787,EntityWithAccessionedSequence,Input,OR,0,False
"=HYPERLINK(""https://reactome.org/content/detail/R-HSA-5082369"",""Acetylated HSF1 dissociates from DNA"")","=HYPERLINK(""https://reactome.org/content/detail/R-HSA-4793819"",""HSF1 trimer binds HSE on the target gene"")","Shamovsky, V",R-HSA-4793786,EntityWithAccessionedSequence,Input,OR,0,False
"=HYPERLINK(""https://reactome.org/content/detail/R-HSA-5082369"",""Acetylated HSF1 dissociates from DNA"")","=HYPERLINK(""https://reactome.org/content/detail/R-HSA-4793819"",""HSF1 trimer binds HSE on the target gene"")","Shamovsky, V",R-HSA-4793808,DefinedSet,Input,OR,0,False
"=HYPERLINK(""https://reactome.org/content/detail/R-HSA-5082369"",""Acetylated HSF1 dissociates from DNA"")","=HYPERLINK(""https://reactome.org/content/detail/R-HSA-4793819"",""HSF1 trimer binds HSE on the target gene"")","Shamovsky, V",R-HSA-4793800,EntityWithAccessionedSequence,Input,OR,0,False
"=HYPERLINK(""https://reactome.org/content/detail/R-HSA-5082369"",""Acetylated HSF1 dissociates from DNA"")","=HYPERLINK(""https://reactome.org/content/detail/R-HSA-4793819"",""HSF1 trimer binds HSE on the target gene"")","Shamovsky, V",R-HSA-4793803,EntityWithAccessionedSequence,Input,OR,0,False
"=HYPERLINK(""https://reactome.org/content/detail/R-HSA-5082369"",""Acetylated HSF1 dissociates from DNA"")","=HYPERLINK(""https://reactome.org/content/detail/R-HSA-4793819"",""HSF1 trimer binds HSE on the target gene"")","Shamovsky, V",R-HSA-4793818,EntityWithAccessionedSequence,Input,OR,0,False
"=HYPERLINK(""https://reactome.org/content/detail/R-HSA-5082369"",""Acetylated HSF1 dissociates from DNA"")","=HYPERLINK(""https://reactome.org/content/detail/R-HSA-4793819"",""HSF1 trimer binds HSE on the target gene"")","Shamovsky, V",R-HSA-4793821,EntityWithAccessionedSequence,Input,OR,0,False
"=HYPERLINK(""https://reactome.org/content/detail/R-HSA-5082369"",""Acetylated HSF1 dissociates from DNA"")","=HYPERLINK(""https://reactome.org/content/detail/R-HSA-4793819"",""HSF1 trimer binds HSE on the target gene"")","Shamovsky, V",R-HSA-4793789,EntityWithAccessionedSequence,Input,OR,0,False
"=HYPERLINK(""https://reactome.org/content/detail/R-HSA-5082369"",""Acetylated HSF1 dissociates from DNA"")","=HYPERLINK(""https://reactome.org/content/detail/R-HSA-4793819"",""HSF1 trimer binds HSE on the target gene"")","Shamovsky, V",R-HSA-4793836,EntityWithAccessionedSequence,Input,OR,0,False
"=HYPERLINK(""https://reactome.org/content/detail/R-HSA-5082369"",""Acetylated HSF1 dissociates from DNA"")","=HYPERLINK(""https://reactome.org/content/detail/R-HSA-4793819"",""HSF1 trimer binds HSE on the target gene"")","Shamovsky, V",R-HSA-4793841,EntityWithAccessionedSequence,Input,OR,0,False
"=HYPERLINK(""https://reactome.org/content/detail/R-HSA-5082369"",""Acetylated HSF1 dissociates from DNA"")","=HYPERLINK(""https://reactome.org/content/detail/R-HSA-4793819"",""HSF1 trimer binds HSE on the target gene"")","Shamovsky, V",R-HSA-4793827,EntityWithAccessionedSequence,Input,OR,0,False
"=HYPERLINK(""https://reactome.org/content/detail/R-HSA-5082369"",""Acetylated HSF1 dissociates from DNA"")","=HYPERLINK(""https://reactome.org/content/detail/R-HSA-4793819"",""HSF1 trimer binds HSE on the target gene"")","Shamovsky, V",R-HSA-4793797,EntityWithAccessionedSequence,Input,OR,0,False
"=HYPERLINK(""https://reactome.org/content/detail/R-HSA-5082369"",""Acetylated HSF1 dissociates from DNA"")","=HYPERLINK(""https://reactome.org/content/detail/R-HSA-4793819"",""HSF1 trimer binds HSE on the target gene"")","Shamovsky, V",R-HSA-4793799,EntityWithAccessionedSequence,Input,OR,0,False
"=HYPERLINK(""https://reactome.org/content/detail/R-HSA-5082369"",""Acetylated HSF1 dissociates from DNA"")","=HYPERLINK(""https://reactome.org/content/detail/R-HSA-4793819"",""HSF1 trimer binds HSE on the target gene"")","Shamovsky, V",R-HSA-4793840,EntityWithAccessionedSequence,Input,OR,0,False
"=HYPERLINK(""https://reactome.org/content/detail/R-HSA-5082369"",""Acetylated HSF1 dissociates from DNA"")","=HYPERLINK(""https://reactome.org/content/detail/R-HSA-4793819"",""HSF1 trimer binds HSE on the target gene"")","Shamovsky, V",R-HSA-4793843,EntityWithAccessionedSequence,Input,OR,0,False
"=HYPERLINK(""https://reactome.org/content/detail/R-HSA-5082369"",""Acetylated HSF1 dissociates from DNA"")","=HYPERLINK(""https://reactome.org/content/detail/R-HSA-4793819"",""HSF1 trimer binds HSE on the target gene"")","Shamovsky, V",R-HSA-4793810,EntityWithAccessionedSequence,Input,OR,0,False
"=HYPERLINK(""https://reactome.org/content/detail/R-HSA-5082369"",""Acetylated HSF1 dissociates from DNA"")","=HYPERLINK(""https://reactome.org/content/detail/R-HSA-4793819"",""HSF1 trimer binds HSE on the target gene"")","Shamovsky, V",R-HSA-4793812,EntityWithAccessionedSequence,Input,OR,0,False
"=HYPERLINK(""https://reactome.org/content/detail/R-HSA-5082369"",""Acetylated HSF1 dissociates from DNA"")","=HYPERLINK(""https://reactome.org/content/detail/R-HSA-4793819"",""HSF1 trimer binds HSE on the target gene"")","Shamovsky, V",R-HSA-4793844,EntityWithAccessionedSequence,Input,OR,0,False
"=HYPERLINK(""https://reactome.org/content/detail/R-HSA-5082369"",""Acetylated HSF1 dissociates from DNA"")","=HYPERLINK(""https://reactome.org/content/detail/R-HSA-4793819"",""HSF1 trimer binds HSE on the target gene"")","Shamovsky, V",R-HSA-4793814,EntityWithAccessionedSequence,Input,OR,0,False
"=HYPERLINK(""https://reactome.org/content/detail/R-HSA-5252079"",""HSP110s exchange ATP for ADP on HSP70s:ADP"")","=HYPERLINK(""https://reactome.org/content/detail/R-HSA-5251942"",""Hikeshi binds HSP70s:ATP"")","Jassal, B",R-HSA-5252028,Complex,Input,OR,0,False
"=HYPERLINK(""https://reactome.org/content/detail/R-HSA-5252079"",""HSP110s exchange ATP for ADP on HSP70s:ADP"")","=HYPERLINK(""https://reactome.org/content/detail/R-HSA-5251942"",""Hikeshi binds HSP70s:ATP"")","Jassal, B",R-HSA-5252093,Complex,Input,OR,0,False
"=HYPERLINK(""https://reactome.org/content/detail/R-HSA-5252079"",""HSP110s exchange ATP for ADP on HSP70s:ADP"")","=HYPERLINK(""https://reactome.org/content/detail/R-HSA-5251942"",""Hikeshi binds HSP70s:ATP"")","Jassal, B",R-HSA-5252063,Complex,Input,OR,0,False
"=HYPERLINK(""https://reactome.org/content/detail/R-HSA-5252079"",""HSP110s exchange ATP for ADP on HSP70s:ADP"")","=HYPERLINK(""https://reactome.org/content/detail/R-HSA-5251942"",""Hikeshi binds HSP70s:ATP"")","Jassal, B",R-HSA-5251968,Complex,Input,OR,0,False
"=HYPERLINK(""https://reactome.org/content/detail/R-HSA-5252079"",""HSP110s exchange ATP for ADP on HSP70s:ADP"")","=HYPERLINK(""https://reactome.org/content/detail/R-HSA-5251942"",""Hikeshi binds HSP70s:ATP"")","Jassal, B",R-HSA-5251937,Complex,Input,OR,0,False
"=HYPERLINK(""https://reactome.org/content/detail/R-HSA-5252079"",""HSP110s exchange ATP for ADP on HSP70s:ADP"")","=HYPERLINK(""https://reactome.org/content/detail/R-HSA-5251942"",""Hikeshi binds HSP70s:ATP"")","Jassal, B",R-HSA-5251938,Complex,Input,OR,0,False
"=HYPERLINK(""https://reactome.org/content/detail/R-HSA-5252079"",""HSP110s exchange ATP for ADP on HSP70s:ADP"")","=HYPERLINK(""https://reactome.org/content/detail/R-HSA-5251942"",""Hikeshi binds HSP70s:ATP"")","Jassal, B",R-HSA-5252100,Complex,Input,OR,0,False
"=HYPERLINK(""https://reactome.org/content/detail/R-HSA-5252079"",""HSP110s exchange ATP for ADP on HSP70s:ADP"")","=HYPERLINK(""https://reactome.org/content/detail/R-HSA-5251942"",""Hikeshi binds HSP70s:ATP"")","Jassal, B",R-HSA-5252036,Complex,Input,OR,0,False
"=HYPERLINK(""https://reactome.org/content/detail/R-HSA-5252079"",""HSP110s exchange ATP for ADP on HSP70s:ADP"")","=HYPERLINK(""https://reactome.org/content/detail/R-HSA-5251942"",""Hikeshi binds HSP70s:ATP"")","Jassal, B",R-HSA-5251940,Complex,Input,OR,0,False
"=HYPERLINK(""https://reactome.org/content/detail/R-HSA-5252079"",""HSP110s exchange ATP for ADP on HSP70s:ADP"")","=HYPERLINK(""https://reactome.org/content/detail/R-HSA-5251942"",""Hikeshi binds HSP70s:ATP"")","Jassal, B",R-HSA-5252040,Complex,Input,OR,0,False
"=HYPERLINK(""https://reactome.org/content/detail/R-HSA-5252079"",""HSP110s exchange ATP for ADP on HSP70s:ADP"")","=HYPERLINK(""https://reactome.org/content/detail/R-HSA-5251942"",""Hikeshi binds HSP70s:ATP"")","Jassal, B",R-HSA-5252104,Complex,Input,OR,0,False
"=HYPERLINK(""https://reactome.org/content/detail/R-HSA-5252079"",""HSP110s exchange ATP for ADP on HSP70s:ADP"")","=HYPERLINK(""https://reactome.org/content/detail/R-HSA-5251942"",""Hikeshi binds HSP70s:ATP"")","Jassal, B",R-HSA-5252011,Complex,Input,OR,0,False
"=HYPERLINK(""https://reactome.org/content/detail/R-HSA-5252079"",""HSP110s exchange ATP for ADP on HSP70s:ADP"")","=HYPERLINK(""https://reactome.org/content/detail/R-HSA-5251942"",""Hikeshi binds HSP70s:ATP"")","Jassal, B",R-HSA-5252045,Complex,Input,OR,0,False
"=HYPERLINK(""https://reactome.org/content/detail/R-HSA-5252079"",""HSP110s exchange ATP for ADP on HSP70s:ADP"")","=HYPERLINK(""https://reactome.org/content/detail/R-HSA-5251942"",""Hikeshi binds HSP70s:ATP"")","Jassal, B",R-HSA-6792614,Complex,Input,OR,0,False
"=HYPERLINK(""https://reactome.org/content/detail/R-HSA-5252079"",""HSP110s exchange ATP for ADP on HSP70s:ADP"")","=HYPERLINK(""https://reactome.org/content/detail/R-HSA-5251942"",""Hikeshi binds HSP70s:ATP"")","Jassal, B",R-HSA-5251947,Complex,Input,OR,0,False
"=HYPERLINK(""https://reactome.org/content/detail/R-HSA-5324632"",""Dissociation of cytosolic HSF1:HSP90:HDAC6:PTGES3 upon sensing protein aggregates"")","=HYPERLINK(""https://reactome.org/content/detail/R-HSA-3371503"",""STIP1(HOP) binds HSP90 and HSP70:HSP40:nascent protein"")","Shamovsky, V",R-HSA-3371509,Complex,Input,OR,0,False
"=HYPERLINK(""https://reactome.org/content/detail/R-HSA-5324632"",""Dissociation of cytosolic HSF1:HSP90:HDAC6:PTGES3 upon sensing protein aggregates"")","=HYPERLINK(""https://reactome.org/content/detail/R-HSA-3371503"",""STIP1(HOP) binds HSP90 and HSP70:HSP40:nascent protein"")","Shamovsky, V",R-HSA-1221657,Complex,Input,OR,0,False
