First_Reaction_Pathway,First_Reaction,Second_Reaction_Pathway,Second_Reaction,Second_Reaction_Author,Cyclic?,Expected_Release,Review_Status,Approved/Rejected,Reasons_for_Rejection,Other_Comments
Cell Cycle,"=HYPERLINK(""https://reactome.org/content/detail/R-HSA-113504"",""Detection of damage during initiation of DNA synthesis in S-phase"")",DNA Replication,"=HYPERLINK(""https://reactome.org/content/detail/R-HSA-68914"",""DNA polymerase alpha:primase binds at the origin"")",,False,,,,,
Cell Cycle,"=HYPERLINK(""https://reactome.org/content/detail/R-HSA-113504"",""Detection of damage during initiation of DNA synthesis in S-phase"")",DNA Replication,"=HYPERLINK(""https://reactome.org/content/detail/R-HSA-68950"",""The polymerase component of DNA polymerase alpha:primase synthesizes a 20-nucleotide primer at the origin"")",,True,,,,,
Immune System,"=HYPERLINK(""https://reactome.org/content/detail/R-HSA-1168636"",""p-RasGRP1,3:DAG cause RAS to exchange GDP for GTP"")",Signal Transduction,"=HYPERLINK(""https://reactome.org/content/detail/R-HSA-5672950"",""""Activator"" RAF:YWHAB dimer binds RAS:GTP"")","Rothfels, K",False,,,,,
Immune System,"=HYPERLINK(""https://reactome.org/content/detail/R-HSA-1168636"",""p-RasGRP1,3:DAG cause RAS to exchange GDP for GTP"")",Signal Transduction,"=HYPERLINK(""https://reactome.org/content/detail/R-HSA-9658253"",""RAS:GTP binds PI3K"")","Rothfels, K",False,,,,,
Immune System,"=HYPERLINK(""https://reactome.org/content/detail/R-HSA-1168636"",""p-RasGRP1,3:DAG cause RAS to exchange GDP for GTP"")",Signal Transduction,"=HYPERLINK(""https://reactome.org/content/detail/R-HSA-5658435"",""RAS GAPs bind RAS:GTP"")","Rothfels, K",False,,,,,
Immune System,"=HYPERLINK(""https://reactome.org/content/detail/R-HSA-1168636"",""p-RasGRP1,3:DAG cause RAS to exchange GDP for GTP"")",Signal Transduction,"=HYPERLINK(""https://reactome.org/content/detail/R-HSA-9649736"",""RAS intrinsic GTPase activity hydrolyzes GTP to GDP"")","Rothfels, K",True,,,,,
Immune System,"=HYPERLINK(""https://reactome.org/content/detail/R-HSA-1168636"",""p-RasGRP1,3:DAG cause RAS to exchange GDP for GTP"")",Signal Transduction,"=HYPERLINK(""https://reactome.org/content/detail/R-HSA-5674018"",""BRAP binds RAS:GTP"")","Rothfels, K",False,,,,,
Immune System,"=HYPERLINK(""https://reactome.org/content/detail/R-HSA-1176059"",""Translocation of Influenza A virus nonstructural protein 1 (NS1A) into the nucleus"")",Disease,"=HYPERLINK(""https://reactome.org/content/detail/R-HSA-6791035"",""Release of NS1 homodimer"")","Gillespie, ME",False,,,,,
Programmed Cell Death,"=HYPERLINK(""https://reactome.org/content/detail/R-HSA-139906"",""Activation of BAD by calcineurin"")",Signal Transduction,"=HYPERLINK(""https://reactome.org/content/detail/R-HSA-198347"",""AKT phosphorylates BAD"")","Annibali, D",False,,,,,
Signal Transduction,"=HYPERLINK(""https://reactome.org/content/detail/R-HSA-1484099"",""MYC trancscription is negatively regulated by SMAD2/3:SMAD4:RBL1:E2F4/5:DP1/2 complex"")",Gene expression (Transcription),"=HYPERLINK(""https://reactome.org/content/detail/R-HSA-8865265"",""TFAP2C homodimer binds MYC and KDM5B"")","Orlic-Milacic, M",False,,,,,
Signal Transduction,"=HYPERLINK(""https://reactome.org/content/detail/R-HSA-1497784"",""The cofactor BH4 is required for electron transfer in the eNOS catalytic cycle"")",Metabolism,"=HYPERLINK(""https://reactome.org/content/detail/R-HSA-1497796"",""BH2 binding can lead to eNOS uncoupling"")","Jassal, B",False,,,,,
Extracellular matrix organization,"=HYPERLINK(""https://reactome.org/content/detail/R-HSA-1592297"",""Full activation of MMP1"")",Hemostasis,"=HYPERLINK(""https://reactome.org/content/detail/R-HSA-375135"",""Basigin binds Matrix metalloproteinase-1"")","de Bono, B",False,,,,,
Disease,"=HYPERLINK(""https://reactome.org/content/detail/R-HSA-165047"",""Translocation of nuclear RNA transport complex to cytoplasm"")",Immune System,"=HYPERLINK(""https://reactome.org/content/detail/R-HSA-1176059"",""Translocation of Influenza A virus nonstructural protein 1 (NS1A) into the nucleus"")","Gillespie, ME",False,,,,,
Signal Transduction,"=HYPERLINK(""https://reactome.org/content/detail/R-HSA-169680"",""IP3 binds to the IP3 receptor, opening the endoplasmic reticulum Ca2+ channel"")",Immune System,"=HYPERLINK(""https://reactome.org/content/detail/R-HSA-1168376"",""STIM1 oligomerizes"")","May, B",False,,,,,
Signal Transduction,"=HYPERLINK(""https://reactome.org/content/detail/R-HSA-170674"",""Dissociation of the Gi alpha:G olf complex"")",Transport of small molecules,"=HYPERLINK(""https://reactome.org/content/detail/R-HSA-163617"",""G alpha (s) activates adenylate cyclase"")","Jupe, S",False,,,,,
Signal Transduction,"=HYPERLINK(""https://reactome.org/content/detail/R-HSA-170677"",""The G alpha-olf:GDP:Adenylate cyclase complex dissociates"")",Transport of small molecules,"=HYPERLINK(""https://reactome.org/content/detail/R-HSA-163617"",""G alpha (s) activates adenylate cyclase"")","Jupe, S",False,,,,,
Signal Transduction,"=HYPERLINK(""https://reactome.org/content/detail/R-HSA-173488"",""The SMAD2/3:SMAD4 complex transfers to the nucleus"")",Gene expression (Transcription),"=HYPERLINK(""https://reactome.org/content/detail/R-HSA-9625510"",""FOXO1 and p-2S-SMAD2/3:SMAD4 bind MSTN gene promoter"")","Orlic-Milacic, M",False,,,,,
Signal Transduction,"=HYPERLINK(""https://reactome.org/content/detail/R-HSA-173488"",""The SMAD2/3:SMAD4 complex transfers to the nucleus"")",Gene expression (Transcription),"=HYPERLINK(""https://reactome.org/content/detail/R-HSA-9625749"",""FOXO1,FOXO3 and SMAD3 bind TRIM63 gene promoter"")","Orlic-Milacic, M",False,,,,,
Cell Cycle,"=HYPERLINK(""https://reactome.org/content/detail/R-HSA-174070"",""Association of Cdh1 with the APC/C"")",DNA Replication,"=HYPERLINK(""https://reactome.org/content/detail/R-HSA-69015"",""Cytoplasmic phosphorylated Cdc6 is ubiquitinated by the anaphase-promoting complex"")",,False,,,,,
Cell Cycle,"=HYPERLINK(""https://reactome.org/content/detail/R-HSA-174105"",""Degradation of multiubiquitinated cell cycle proteins"")",DNA Replication,"=HYPERLINK(""https://reactome.org/content/detail/R-HSA-69015"",""Cytoplasmic phosphorylated Cdc6 is ubiquitinated by the anaphase-promoting complex"")",,False,,,,,
Cell Cycle,"=HYPERLINK(""https://reactome.org/content/detail/R-HSA-174110"",""Cdc25A mediated dephosphorylation of Cyclin A:phospho-Cdk2"")",Gene expression (Transcription),"=HYPERLINK(""https://reactome.org/content/detail/R-HSA-187934"",""Inactivation of Cyclin A:Cdk2 complexes by p27/p21"")","Pagano, M",False,,,,,
Cell Cycle,"=HYPERLINK(""https://reactome.org/content/detail/R-HSA-174441"",""Removal of RNA primer and dissociation of RPA and Dna2 from the C-strand"")",Reproduction,"=HYPERLINK(""https://reactome.org/content/detail/R-HSA-912503"",""Formation of meiotic single-stranded DNA invasion complex"")","May, B",False,,,,,
Cell Cycle,"=HYPERLINK(""https://reactome.org/content/detail/R-HSA-174441"",""Removal of RNA primer and dissociation of RPA and Dna2 from the C-strand"")",DNA Replication,"=HYPERLINK(""https://reactome.org/content/detail/R-HSA-69140"",""RPA binds to the Flap"")",,False,,,,,
Cell Cycle,"=HYPERLINK(""https://reactome.org/content/detail/R-HSA-174441"",""Removal of RNA primer and dissociation of RPA and Dna2 from the C-strand"")",DNA Replication,"=HYPERLINK(""https://reactome.org/content/detail/R-HSA-69142"",""Recruitment of Dna2 endonuclease"")",,False,,,,,
Cell Cycle,"=HYPERLINK(""https://reactome.org/content/detail/R-HSA-174452"",""RFC binding displaces Pol Alpha on the C-strand of the telomere"")",DNA Replication,"=HYPERLINK(""https://reactome.org/content/detail/R-HSA-68914"",""DNA polymerase alpha:primase binds at the origin"")",,False,,,,,
Cell Cycle,"=HYPERLINK(""https://reactome.org/content/detail/R-HSA-174452"",""RFC binding displaces Pol Alpha on the C-strand of the telomere"")",DNA Replication,"=HYPERLINK(""https://reactome.org/content/detail/R-HSA-68950"",""The polymerase component of DNA polymerase alpha:primase synthesizes a 20-nucleotide primer at the origin"")",,False,,,,,
Immune System,"=HYPERLINK(""https://reactome.org/content/detail/R-HSA-174551"",""Formation of alternative pathway C5 convertase"")",Signal Transduction,"=HYPERLINK(""https://reactome.org/content/detail/R-HSA-444647"",""C3a receptor binds anaphylatoxin C3a"")","Jupe, S",False,,,,,
Cell Cycle,"=HYPERLINK(""https://reactome.org/content/detail/R-HSA-176116"",""Recruitment and activation of Chk1"")",Gene expression (Transcription),"=HYPERLINK(""https://reactome.org/content/detail/R-HSA-6799246"",""CHEK1 phosphorylates TP53"")","Orlic-Milacic, M",False,,,,,
Cell Cycle,"=HYPERLINK(""https://reactome.org/content/detail/R-HSA-176700"",""Incorporation Of Extended And Processed Telomere End Into Higher Order T-Loop And Associated Protein Structure"")",Reproduction,"=HYPERLINK(""https://reactome.org/content/detail/R-HSA-912408"",""Telomeres cluster at the nuclear membrane"")","May, B",False,,,,,
Cell Cycle,"=HYPERLINK(""https://reactome.org/content/detail/R-HSA-176702"",""Disassociation of Processive Complex and Completed Telomere End"")",DNA Replication,"=HYPERLINK(""https://reactome.org/content/detail/R-HSA-69074"",""Formation of Processive Complex"")",,False,,,,,
Cell Cycle,"=HYPERLINK(""https://reactome.org/content/detail/R-HSA-176702"",""Disassociation of Processive Complex and Completed Telomere End"")",DNA Replication,"=HYPERLINK(""https://reactome.org/content/detail/R-HSA-69063"",""Loading of PCNA - Sliding Clamp Formation"")",,False,,,,,
Cell Cycle,"=HYPERLINK(""https://reactome.org/content/detail/R-HSA-176702"",""Disassociation of Processive Complex and Completed Telomere End"")",DNA Replication,"=HYPERLINK(""https://reactome.org/content/detail/R-HSA-69116"",""Formation of Okazaki fragments"")",,False,,,,,
Metabolism of proteins,"=HYPERLINK(""https://reactome.org/content/detail/R-HSA-1791083"",""Expression of Sec12"")",Vesicle-mediated transport,"=HYPERLINK(""https://reactome.org/content/detail/R-HSA-5694433"",""MIA2 binds PREB"")","Rothfels, K",False,,,,,
Metabolism of proteins,"=HYPERLINK(""https://reactome.org/content/detail/R-HSA-1791083"",""Expression of Sec12"")",Vesicle-mediated transport,"=HYPERLINK(""https://reactome.org/content/detail/R-HSA-203977"",""SAR1 Activation And Membrane Binding"")","Gillespie, ME",False,,,,,
Metabolism of proteins,"=HYPERLINK(""https://reactome.org/content/detail/R-HSA-1791173"",""Expression of ATF3"")",Cellular responses to external stimuli,"=HYPERLINK(""https://reactome.org/content/detail/R-HSA-9653893"",""ATF4, CEBPB, and ATF3 bind the CHAC1 promoter"")","May, B",False,,,,,
Disease,"=HYPERLINK(""https://reactome.org/content/detail/R-HSA-180732"",""Translocation of Rev:importin-beta:B23 to the nucleus"")",Immune System,"=HYPERLINK(""https://reactome.org/content/detail/R-HSA-1176059"",""Translocation of Influenza A virus nonstructural protein 1 (NS1A) into the nucleus"")","Gillespie, ME",False,,,,,
Cellular responses to external stimuli,"=HYPERLINK(""https://reactome.org/content/detail/R-HSA-182594"",""Association of INK4 family proteins with CDK4/6"")",Cell Cycle,"=HYPERLINK(""https://reactome.org/content/detail/R-HSA-8941895"",""Formation of CDK4/6:CCND complexes"")","Matthews, L",False,,,,,
Immune System,"=HYPERLINK(""https://reactome.org/content/detail/R-HSA-183130"",""C3(H2O):Factor Bb cleaves C3 to C3b and C3a"")",Signal Transduction,"=HYPERLINK(""https://reactome.org/content/detail/R-HSA-444647"",""C3a receptor binds anaphylatoxin C3a"")","Jupe, S",False,,,,,
Gene expression (Transcription),"=HYPERLINK(""https://reactome.org/content/detail/R-HSA-187934"",""Inactivation of Cyclin A:Cdk2 complexes by p27/p21"")",Cell Cycle,"=HYPERLINK(""https://reactome.org/content/detail/R-HSA-187916"",""Cyclin A:Cdk2 mediated phosphorylation of p27/p21"")","Pagano, M",False,,,,,
Gene expression (Transcription),"=HYPERLINK(""https://reactome.org/content/detail/R-HSA-187934"",""Inactivation of Cyclin A:Cdk2 complexes by p27/p21"")",Cellular responses to external stimuli,"=HYPERLINK(""https://reactome.org/content/detail/R-HSA-3788708"",""CDKN1A (p21) prevents association of Cyclin A:Cdk2 with Cdh1"")","Orlic-Milacic, M",False,,,,,
Gene expression (Transcription),"=HYPERLINK(""https://reactome.org/content/detail/R-HSA-187934"",""Inactivation of Cyclin A:Cdk2 complexes by p27/p21"")",Cellular responses to external stimuli,"=HYPERLINK(""https://reactome.org/content/detail/R-HSA-3788705"",""CDKN1A (p21) prevents phosphorylation of Cdh1 by Cyclin A:Cdk2"")","Orlic-Milacic, M",False,,,,,
Cell Cycle,"=HYPERLINK(""https://reactome.org/content/detail/R-HSA-187949"",""CAK-mediated phosphorylation of Cyclin A:Cdk2"")",DNA Replication,"=HYPERLINK(""https://reactome.org/content/detail/R-HSA-68944"",""Orc1 is phosphorylated by cyclin A/CDK2"")",,False,,,,,
Transport of small molecules,"=HYPERLINK(""https://reactome.org/content/detail/R-HSA-194079"",""SLCO1B3 transports ALB:(GCCA, TCCA) from extracellular region to cytosol"")",Metabolism,"=HYPERLINK(""https://reactome.org/content/detail/R-HSA-9661419"",""ALB binds extracellular heme"")","Jassal, B",False,,,,,
Transport of small molecules,"=HYPERLINK(""https://reactome.org/content/detail/R-HSA-194079"",""SLCO1B3 transports ALB:(GCCA, TCCA) from extracellular region to cytosol"")",Metabolism,"=HYPERLINK(""https://reactome.org/content/detail/R-HSA-9661432"",""BIL binds ALB"")","Jassal, B",False,,,,,
Transport of small molecules,"=HYPERLINK(""https://reactome.org/content/detail/R-HSA-194079"",""SLCO1B3 transports ALB:(GCCA, TCCA) from extracellular region to cytosol"")",Metabolism,"=HYPERLINK(""https://reactome.org/content/detail/R-HSA-194153"",""Transport (efflux) of bile salts by ABCC3 (MRP3)"")","D'Eustachio, P",False,,,,,
Transport of small molecules,"=HYPERLINK(""https://reactome.org/content/detail/R-HSA-194083"",""SLCO1B1 transports ALB:(GCCA,TCCA) from extracellular region to cytosol"")",Metabolism,"=HYPERLINK(""https://reactome.org/content/detail/R-HSA-9661419"",""ALB binds extracellular heme"")","Jassal, B",False,,,,,
Transport of small molecules,"=HYPERLINK(""https://reactome.org/content/detail/R-HSA-194083"",""SLCO1B1 transports ALB:(GCCA,TCCA) from extracellular region to cytosol"")",Metabolism,"=HYPERLINK(""https://reactome.org/content/detail/R-HSA-9661432"",""BIL binds ALB"")","Jassal, B",False,,,,,
Transport of small molecules,"=HYPERLINK(""https://reactome.org/content/detail/R-HSA-194083"",""SLCO1B1 transports ALB:(GCCA,TCCA) from extracellular region to cytosol"")",Metabolism,"=HYPERLINK(""https://reactome.org/content/detail/R-HSA-194153"",""Transport (efflux) of bile salts by ABCC3 (MRP3)"")","D'Eustachio, P",False,,,,,
Transport of small molecules,"=HYPERLINK(""https://reactome.org/content/detail/R-HSA-194130"",""Transport (influx) of bile salts and acids by OATP-A"")",Metabolism,"=HYPERLINK(""https://reactome.org/content/detail/R-HSA-9661419"",""ALB binds extracellular heme"")","Jassal, B",False,,,,,
Transport of small molecules,"=HYPERLINK(""https://reactome.org/content/detail/R-HSA-194130"",""Transport (influx) of bile salts and acids by OATP-A"")",Metabolism,"=HYPERLINK(""https://reactome.org/content/detail/R-HSA-9661432"",""BIL binds ALB"")","Jassal, B",False,,,,,
Transport of small molecules,"=HYPERLINK(""https://reactome.org/content/detail/R-HSA-194130"",""Transport (influx) of bile salts and acids by OATP-A"")",Metabolism,"=HYPERLINK(""https://reactome.org/content/detail/R-HSA-194153"",""Transport (efflux) of bile salts by ABCC3 (MRP3)"")","D'Eustachio, P",False,,,,,
Signal Transduction,"=HYPERLINK(""https://reactome.org/content/detail/R-HSA-1980047"",""NOTCH1 stimulates HES1 transcription"")",Developmental Biology,"=HYPERLINK(""https://reactome.org/content/detail/R-HSA-210836"",""HNF6-dependent synthesis of NEUROG3 protein during morphogenesis"")","Ferrer, J",False,,,,,
Signal Transduction,"=HYPERLINK(""https://reactome.org/content/detail/R-HSA-202144"",""Caveolin-1 dissociates from eNOS:CaM:HSP90 complex"")",Metabolism,"=HYPERLINK(""https://reactome.org/content/detail/R-HSA-163418"",""perilipin + 2 ATP -> phosphorylated perilipin + 2 ADP"")","D'Eustachio, P",False,,,,,
Signal Transduction,"=HYPERLINK(""https://reactome.org/content/detail/R-HSA-202144"",""Caveolin-1 dissociates from eNOS:CaM:HSP90 complex"")",Metabolism,"=HYPERLINK(""https://reactome.org/content/detail/R-HSA-203712"",""eNOS associates with Caveolin-1"")","Hemish, J",False,,,,,
Immune System,"=HYPERLINK(""https://reactome.org/content/detail/R-HSA-2029445"",""An unknown GEF exchanges GTP for GDP on CDC42:GDP"")",Disease,"=HYPERLINK(""https://reactome.org/content/detail/R-HSA-9670155"",""CDC42:GTP binds PtdIns(4,5)P2:WASP,N-WASP"")","Murillo, JI",False,,,,,
Immune System,"=HYPERLINK(""https://reactome.org/content/detail/R-HSA-2029451"",""Activation of RAC1 by VAV"")",Signal Transduction,"=HYPERLINK(""https://reactome.org/content/detail/R-HSA-2029465"",""RAC1:GTP and PIP3 bind WAVE Regulatory Complex (WRC)"")","Jupe, S",False,,,,,
Immune System,"=HYPERLINK(""https://reactome.org/content/detail/R-HSA-2029454"",""Autophosphorylation of PAK1"")",Signal Transduction,"=HYPERLINK(""https://reactome.org/content/detail/R-HSA-2029460"",""PAK1 phosphorylates LIMK1"")","Garapati, P V",False,,,,,
Signal Transduction,"=HYPERLINK(""https://reactome.org/content/detail/R-HSA-2029456"",""RAC1 and CDC42 activate PAK1"")",Immune System,"=HYPERLINK(""https://reactome.org/content/detail/R-HSA-2029454"",""Autophosphorylation of PAK1"")","Garapati, P V",True,,,,,
Signal Transduction,"=HYPERLINK(""https://reactome.org/content/detail/R-HSA-2029460"",""PAK1 phosphorylates LIMK1"")",Immune System,"=HYPERLINK(""https://reactome.org/content/detail/R-HSA-419645"",""Dimerization of LIMK1 by Hsp90"")","Garapati, P V",False,,,,,
Immune System,"=HYPERLINK(""https://reactome.org/content/detail/R-HSA-2029467"",""Activation of RAC1 by CRKII:DOCK180:ELMO"")",Signal Transduction,"=HYPERLINK(""https://reactome.org/content/detail/R-HSA-2029465"",""RAC1:GTP and PIP3 bind WAVE Regulatory Complex (WRC)"")","Jupe, S",False,,,,,
Signal Transduction,"=HYPERLINK(""https://reactome.org/content/detail/R-HSA-2029473"",""Branching and elongation of mother and daughter filaments"")",Disease,"=HYPERLINK(""https://reactome.org/content/detail/R-HSA-9666458"",""IgG:Leishmania surface:FCGR3A translocates from plasma membrane to the parasitophorous vacuole"")","Murillo, JI",False,,,,,
Signal Transduction,"=HYPERLINK(""https://reactome.org/content/detail/R-HSA-2029473"",""Branching and elongation of mother and daughter filaments"")",Immune System,"=HYPERLINK(""https://reactome.org/content/detail/R-HSA-2029476"",""Role of myosins in phagosome formation"")","Garapati, P V",False,,,,,
Signal Transduction,"=HYPERLINK(""https://reactome.org/content/detail/R-HSA-2186747"",""Ubiquitination of SKI/SKIL by RNF111/SMURF2"")",Gene expression (Transcription),"=HYPERLINK(""https://reactome.org/content/detail/R-HSA-9617996"",""FOXO1,FOXO3,FOXO4 bind p-2S-SMAD2/3:SMAD4"")","Orlic-Milacic, M",False,,,,,
Signal Transduction,"=HYPERLINK(""https://reactome.org/content/detail/R-HSA-2186747"",""Ubiquitination of SKI/SKIL by RNF111/SMURF2"")",Gene expression (Transcription),"=HYPERLINK(""https://reactome.org/content/detail/R-HSA-9625510"",""FOXO1 and p-2S-SMAD2/3:SMAD4 bind MSTN gene promoter"")","Orlic-Milacic, M",False,,,,,
Signal Transduction,"=HYPERLINK(""https://reactome.org/content/detail/R-HSA-2186747"",""Ubiquitination of SKI/SKIL by RNF111/SMURF2"")",Gene expression (Transcription),"=HYPERLINK(""https://reactome.org/content/detail/R-HSA-9625749"",""FOXO1,FOXO3 and SMAD3 bind TRIM63 gene promoter"")","Orlic-Milacic, M",False,,,,,
Immune System,"=HYPERLINK(""https://reactome.org/content/detail/R-HSA-2424476"",""Activation of RAC1 by VAV2/3"")",Signal Transduction,"=HYPERLINK(""https://reactome.org/content/detail/R-HSA-2029465"",""RAC1:GTP and PIP3 bind WAVE Regulatory Complex (WRC)"")","Jupe, S",False,,,,,
Immune System,"=HYPERLINK(""https://reactome.org/content/detail/R-HSA-2424477"",""SOS mediated nucleotide exchange of RAS (SHC)"")",Signal Transduction,"=HYPERLINK(""https://reactome.org/content/detail/R-HSA-5672950"",""""Activator"" RAF:YWHAB dimer binds RAS:GTP"")","Rothfels, K",False,,,,,
Immune System,"=HYPERLINK(""https://reactome.org/content/detail/R-HSA-2424477"",""SOS mediated nucleotide exchange of RAS (SHC)"")",Signal Transduction,"=HYPERLINK(""https://reactome.org/content/detail/R-HSA-9658253"",""RAS:GTP binds PI3K"")","Rothfels, K",False,,,,,
Immune System,"=HYPERLINK(""https://reactome.org/content/detail/R-HSA-2424477"",""SOS mediated nucleotide exchange of RAS (SHC)"")",Signal Transduction,"=HYPERLINK(""https://reactome.org/content/detail/R-HSA-5658435"",""RAS GAPs bind RAS:GTP"")","Rothfels, K",False,,,,,
Immune System,"=HYPERLINK(""https://reactome.org/content/detail/R-HSA-2424477"",""SOS mediated nucleotide exchange of RAS (SHC)"")",Signal Transduction,"=HYPERLINK(""https://reactome.org/content/detail/R-HSA-9649736"",""RAS intrinsic GTPase activity hydrolyzes GTP to GDP"")","Rothfels, K",True,,,,,
Immune System,"=HYPERLINK(""https://reactome.org/content/detail/R-HSA-2424477"",""SOS mediated nucleotide exchange of RAS (SHC)"")",Signal Transduction,"=HYPERLINK(""https://reactome.org/content/detail/R-HSA-5674018"",""BRAP binds RAS:GTP"")","Rothfels, K",False,,,,,
Programmed Cell Death,"=HYPERLINK(""https://reactome.org/content/detail/R-HSA-2562564"",""Caspase-8 processing within TLR4 complex"")",Signal Transduction,"=HYPERLINK(""https://reactome.org/content/detail/R-HSA-2672196"",""Viral serpin blocks caspase-8 activity"")","Shamovsky, V",False,,,,,
Programmed Cell Death,"=HYPERLINK(""https://reactome.org/content/detail/R-HSA-2562564"",""Caspase-8 processing within TLR4 complex"")",Signal Transduction,"=HYPERLINK(""https://reactome.org/content/detail/R-HSA-5357828"",""RIPK1 is cleaved by CASP8"")","Shamovsky, V",False,,,,,
Metabolism of proteins,"=HYPERLINK(""https://reactome.org/content/detail/R-HSA-3000449"",""UBC9 (UBE2I) SUMOylates RANGAP1 with SUMO, which targets RANGAP1 to RANBP2"")",Reproduction,"=HYPERLINK(""https://reactome.org/content/detail/R-HSA-912505"",""Synapsis"")","May, B",False,,,,,
Gene expression (Transcription),"=HYPERLINK(""https://reactome.org/content/detail/R-HSA-3215310"",""USP7 deubiquitinates TP53 and counteracts MDM2"")",Signal Transduction,"=HYPERLINK(""https://reactome.org/content/detail/R-HSA-5632939"",""TP53 binds the PTEN promoter"")","Orlic-Milacic, M",False,,,,,
Cellular responses to external stimuli,"=HYPERLINK(""https://reactome.org/content/detail/R-HSA-3225851"",""ROS oxidize thioredoxin and activate MAP3K5"")",Metabolism,"=HYPERLINK(""https://reactome.org/content/detail/R-HSA-73646"",""thioredoxin, oxidized + NADPH + H+ => thioredoxin, reduced + NADP+"")","Jassal, B",False,,,,,
Gene expression (Transcription),"=HYPERLINK(""https://reactome.org/content/detail/R-HSA-3341343"",""PRDX1,2,5 catalyze TXN reduced + H2O2 => TXN oxidized + 2H2O"")",Metabolism,"=HYPERLINK(""https://reactome.org/content/detail/R-HSA-73646"",""thioredoxin, oxidized + NADPH + H+ => thioredoxin, reduced + NADP+"")","Jassal, B",True,,,,,
Cellular responses to external stimuli,"=HYPERLINK(""https://reactome.org/content/detail/R-HSA-3697882"",""PRDX5 reduces peroxynitrite to nitrite using TXN"")",Metabolism,"=HYPERLINK(""https://reactome.org/content/detail/R-HSA-73646"",""thioredoxin, oxidized + NADPH + H+ => thioredoxin, reduced + NADP+"")","Jassal, B",True,,,,,
Immune System,"=HYPERLINK(""https://reactome.org/content/detail/R-HSA-388833"",""Phosphorylation of CTLA-4"")",Signal Transduction,"=HYPERLINK(""https://reactome.org/content/detail/R-HSA-5672961"",""PP2A dephosphorylates inactive RAFs"")","Rothfels, K",False,,,,,
Immune System,"=HYPERLINK(""https://reactome.org/content/detail/R-HSA-388833"",""Phosphorylation of CTLA-4"")",Signal Transduction,"=HYPERLINK(""https://reactome.org/content/detail/R-HSA-5672957"",""PP2A dephosphorylates KSR1"")","Rothfels, K",False,,,,,
Immune System,"=HYPERLINK(""https://reactome.org/content/detail/R-HSA-388833"",""Phosphorylation of CTLA-4"")",Signal Transduction,"=HYPERLINK(""https://reactome.org/content/detail/R-HSA-5675431"",""PP2A dephosphorylates RAF1"")","Rothfels, K",False,,,,,
Immune System,"=HYPERLINK(""https://reactome.org/content/detail/R-HSA-389348"",""Activation of Rac1 by pVav1"")",Signal Transduction,"=HYPERLINK(""https://reactome.org/content/detail/R-HSA-2029465"",""RAC1:GTP and PIP3 bind WAVE Regulatory Complex (WRC)"")","Jupe, S",False,,,,,
Immune System,"=HYPERLINK(""https://reactome.org/content/detail/R-HSA-389350"",""Activation of Cdc42 by pVav1"")",Signal Transduction,"=HYPERLINK(""https://reactome.org/content/detail/R-HSA-442586"",""Activation of WASP and N-WASP by CDC42"")","Jupe, S",False,,,,,
Hemostasis,"=HYPERLINK(""https://reactome.org/content/detail/R-HSA-392202"",""Dissociation of the P2Y purinoceptor 12:Gi complex"")",Signal Transduction,"=HYPERLINK(""https://reactome.org/content/detail/R-HSA-417829"",""P2RY12 binds ADP"")","Jassal, B",False,,,,,
Immune System,"=HYPERLINK(""https://reactome.org/content/detail/R-HSA-392513"",""Rap1 signal termination by Rap1GAPs"")",Signal Transduction,"=HYPERLINK(""https://reactome.org/content/detail/R-HSA-354173"",""Activation of Rap1 by cytosolic GEFs"")","Garapati, P V",True,,,,,
Immune System,"=HYPERLINK(""https://reactome.org/content/detail/R-HSA-392513"",""Rap1 signal termination by Rap1GAPs"")",Signal Transduction,"=HYPERLINK(""https://reactome.org/content/detail/R-HSA-939265"",""Activation of Rap1 by membrane-associated GEFs"")","Jupe, S",True,,,,,
Hemostasis,"=HYPERLINK(""https://reactome.org/content/detail/R-HSA-392874"",""Dissociation of the Prostacyclin receptor:Gs complex"")",Signal Transduction,"=HYPERLINK(""https://reactome.org/content/detail/R-HSA-391942"",""IP receptor can bind prostacyclin"")","Jassal, B",False,,,,,
Metabolism,"=HYPERLINK(""https://reactome.org/content/detail/R-HSA-400143"",""Fatty acid ligands activate PPARA"")",Organelle biogenesis and maintenance,"=HYPERLINK(""https://reactome.org/content/detail/R-HSA-1592238"",""Expression of ALAS1"")","May, B",False,,,,,
Hemostasis,"=HYPERLINK(""https://reactome.org/content/detail/R-HSA-418576"",""Dissociation of the P2Y purinoceptor 1:Gq complex"")",Signal Transduction,"=HYPERLINK(""https://reactome.org/content/detail/R-HSA-417908"",""P2RY1 binds ADP"")","Jassal, B",False,,,,,
Signal Transduction,"=HYPERLINK(""https://reactome.org/content/detail/R-HSA-418925"",""ADORA2A,B bind Ade-Rib"")",Metabolism of proteins,"=HYPERLINK(""https://reactome.org/content/detail/R-HSA-5684862"",""SFTPB,C, PC, PG translocate from lamellar body to extracellular region."")","Jassal, B",False,,,,,
Transport of small molecules,"=HYPERLINK(""https://reactome.org/content/detail/R-HSA-422320"",""Heterotrimeric G(s) complex dissociates"")",Metabolism,"=HYPERLINK(""https://reactome.org/content/detail/R-HSA-400097"",""G-beta:G-gamma inhibits Adenylate cyclase"")","May, B",False,,,,,
Transport of small molecules,"=HYPERLINK(""https://reactome.org/content/detail/R-HSA-422320"",""Heterotrimeric G(s) complex dissociates"")",Metabolism,"=HYPERLINK(""https://reactome.org/content/detail/R-HSA-400046"",""L-type Calcium Channels close in pancreatic beta cells"")","May, B",False,,,,,
Hemostasis,"=HYPERLINK(""https://reactome.org/content/detail/R-HSA-428752"",""Dissociation of the TP:Gq complex"")",Signal Transduction,"=HYPERLINK(""https://reactome.org/content/detail/R-HSA-391939"",""TP receptor can bind thromboxane"")","Jassal, B",False,,,,,
Hemostasis,"=HYPERLINK(""https://reactome.org/content/detail/R-HSA-428918"",""Dissociation of the TP:G13 complex"")",Signal Transduction,"=HYPERLINK(""https://reactome.org/content/detail/R-HSA-391939"",""TP receptor can bind thromboxane"")","Jassal, B",False,,,,,
Signal Transduction,"=HYPERLINK(""https://reactome.org/content/detail/R-HSA-4411357"",""TCF7L1/TCF7L2/LEF1:CTNNB1 promote transcription of the MYC gene"")",Gene expression (Transcription),"=HYPERLINK(""https://reactome.org/content/detail/R-HSA-8865265"",""TFAP2C homodimer binds MYC and KDM5B"")","Orlic-Milacic, M",False,,,,,
Muscle contraction,"=HYPERLINK(""https://reactome.org/content/detail/R-HSA-5226904"",""AHCYL1:NAD+ binds ITPR1:I(1,3,5)P3 tetramer, inhibiting it"")",Signal Transduction,"=HYPERLINK(""https://reactome.org/content/detail/R-HSA-169683"",""IP3R:I(1,4,5)P3 tetramer transports Ca2+ from ER lumen to cytosol"")","Le Novere, N",False,,,,,
Metabolism,"=HYPERLINK(""https://reactome.org/content/detail/R-HSA-5340226"",""CYGB dioxygenates NO"")",Transport of small molecules,"=HYPERLINK(""https://reactome.org/content/detail/R-HSA-5340214"",""CYGB binds O2"")","Jassal, B",True,,,,,
Muscle contraction,"=HYPERLINK(""https://reactome.org/content/detail/R-HSA-5617182"",""PRKACA phosphorylates PLN"")",Transport of small molecules,"=HYPERLINK(""https://reactome.org/content/detail/R-HSA-427910"",""ATP2A1-3 transport Ca2+ from cytosol to ER lumen"")","Akkerman, JW",False,,,,,
Immune System,"=HYPERLINK(""https://reactome.org/content/detail/R-HSA-5621573"",""CD209 activate GTPase RAS"")",Signal Transduction,"=HYPERLINK(""https://reactome.org/content/detail/R-HSA-5672950"",""""Activator"" RAF:YWHAB dimer binds RAS:GTP"")","Rothfels, K",False,,,,,
Immune System,"=HYPERLINK(""https://reactome.org/content/detail/R-HSA-5621573"",""CD209 activate GTPase RAS"")",Signal Transduction,"=HYPERLINK(""https://reactome.org/content/detail/R-HSA-9658253"",""RAS:GTP binds PI3K"")","Rothfels, K",False,,,,,
Immune System,"=HYPERLINK(""https://reactome.org/content/detail/R-HSA-5621573"",""CD209 activate GTPase RAS"")",Signal Transduction,"=HYPERLINK(""https://reactome.org/content/detail/R-HSA-5658435"",""RAS GAPs bind RAS:GTP"")","Rothfels, K",False,,,,,
Immune System,"=HYPERLINK(""https://reactome.org/content/detail/R-HSA-5621573"",""CD209 activate GTPase RAS"")",Signal Transduction,"=HYPERLINK(""https://reactome.org/content/detail/R-HSA-9649736"",""RAS intrinsic GTPase activity hydrolyzes GTP to GDP"")","Rothfels, K",True,,,,,
Immune System,"=HYPERLINK(""https://reactome.org/content/detail/R-HSA-5621573"",""CD209 activate GTPase RAS"")",Signal Transduction,"=HYPERLINK(""https://reactome.org/content/detail/R-HSA-5674018"",""BRAP binds RAS:GTP"")","Rothfels, K",False,,,,,
Signal Transduction,"=HYPERLINK(""https://reactome.org/content/detail/R-HSA-5632939"",""TP53 binds the PTEN promoter"")",Gene expression (Transcription),"=HYPERLINK(""https://reactome.org/content/detail/R-HSA-5632993"",""PTEN gene transcription is stimulated by TP53"")","Orlic-Milacic, M",False,,,,,
Signal Transduction,"=HYPERLINK(""https://reactome.org/content/detail/R-HSA-5658231"",""RAS GAPs stimulate RAS GTPase activity"")",Immune System,"=HYPERLINK(""https://reactome.org/content/detail/R-HSA-9607304"",""SOS1-mediated nucleotide exchange of RAS donwstream of FLT3"")","Varusai, TM",False,,,,,
Signal Transduction,"=HYPERLINK(""https://reactome.org/content/detail/R-HSA-5658231"",""RAS GAPs stimulate RAS GTPase activity"")",Immune System,"=HYPERLINK(""https://reactome.org/content/detail/R-HSA-1168636"",""p-RasGRP1,3:DAG cause RAS to exchange GDP for GTP"")","May, B",False,,,,,
Signal Transduction,"=HYPERLINK(""https://reactome.org/content/detail/R-HSA-5658231"",""RAS GAPs stimulate RAS GTPase activity"")",Immune System,"=HYPERLINK(""https://reactome.org/content/detail/R-HSA-5621573"",""CD209 activate GTPase RAS"")","Garapati, P V",False,,,,,
Signal Transduction,"=HYPERLINK(""https://reactome.org/content/detail/R-HSA-5658231"",""RAS GAPs stimulate RAS GTPase activity"")",Immune System,"=HYPERLINK(""https://reactome.org/content/detail/R-HSA-2424477"",""SOS mediated nucleotide exchange of RAS (SHC)"")","Garapati, P V",False,,,,,
Metabolism of proteins,"=HYPERLINK(""https://reactome.org/content/detail/R-HSA-5661161"",""USP9X:SNCA dissociates"")",Signal Transduction,"=HYPERLINK(""https://reactome.org/content/detail/R-HSA-870479"",""USP9X (FAM) binds to ubiquitinated SMAD4"")","Williams, MG",False,,,,,
Circadian Clock,"=HYPERLINK(""https://reactome.org/content/detail/R-HSA-5663245"",""NR1D1 (REV-ERBA) binds heme, the NPAS2 gene, and recruits corepressors"")",Metabolism,"=HYPERLINK(""https://reactome.org/content/detail/R-HSA-1368065"",""Expression of NPAS2"")","May, B",False,,,,,
Circadian Clock,"=HYPERLINK(""https://reactome.org/content/detail/R-HSA-5663258"",""NR1D1 (REV-ERBA) binds heme, the PPARGC1A gene, and recruits corepressors"")",Organelle biogenesis and maintenance,"=HYPERLINK(""https://reactome.org/content/detail/R-HSA-1368140"",""Expression of PPARGC1A (PGC-1alpha)"")","May, B",False,,,,,
Signal Transduction,"=HYPERLINK(""https://reactome.org/content/detail/R-HSA-5672965"",""RAS GEFs promote RAS nucleotide exchange"")",Immune System,"=HYPERLINK(""https://reactome.org/content/detail/R-HSA-5624494"",""RAF1 binds p21 RAS:GTP"")","Garapati, P V",False,,,,,
DNA Repair,"=HYPERLINK(""https://reactome.org/content/detail/R-HSA-5683792"",""p-T68-CHEK2 autophosphorylates"")",Cell Cycle,"=HYPERLINK(""https://reactome.org/content/detail/R-HSA-75809"",""Phosphorylation of Cdc25C at Ser216 by CHEK2"")","Sanchez, Y",False,,,,,
DNA Repair,"=HYPERLINK(""https://reactome.org/content/detail/R-HSA-5683792"",""p-T68-CHEK2 autophosphorylates"")",Cell Cycle,"=HYPERLINK(""https://reactome.org/content/detail/R-HSA-69608"",""Phosphorylation of Cdc25A at Ser-123 by Chk2"")",,False,,,,,
DNA Repair,"=HYPERLINK(""https://reactome.org/content/detail/R-HSA-5683792"",""p-T68-CHEK2 autophosphorylates"")",Gene expression (Transcription),"=HYPERLINK(""https://reactome.org/content/detail/R-HSA-349426"",""Phosphorylation of MDM4 by CHEK2"")","Matthews, L",False,,,,,
DNA Repair,"=HYPERLINK(""https://reactome.org/content/detail/R-HSA-5686410"",""BLM mediates dissolution of double Holliday junction"")",Gene expression (Transcription),"=HYPERLINK(""https://reactome.org/content/detail/R-HSA-5693609"",""ATM phosphorylates TP53 at S15"")","Khanna, KK",False,,,,,
DNA Repair,"=HYPERLINK(""https://reactome.org/content/detail/R-HSA-5686469"",""Resolution of D-loops cleaved by MUS81:EME1 or MUS81:EME2"")",Gene expression (Transcription),"=HYPERLINK(""https://reactome.org/content/detail/R-HSA-5693609"",""ATM phosphorylates TP53 at S15"")","Khanna, KK",False,,,,,
DNA Repair,"=HYPERLINK(""https://reactome.org/content/detail/R-HSA-5686483"",""Resolution of Holliday junctions cleaved by GEN1 or SLX1A:SLX4:MUS81:EME1,(MUS81:EME2)"")",Gene expression (Transcription),"=HYPERLINK(""https://reactome.org/content/detail/R-HSA-5693609"",""ATM phosphorylates TP53 at S15"")","Khanna, KK",False,,,,,
DNA Repair,"=HYPERLINK(""https://reactome.org/content/detail/R-HSA-5686657"",""ERCC1:XPF cleaves flaps generated by SSA"")",Gene expression (Transcription),"=HYPERLINK(""https://reactome.org/content/detail/R-HSA-5693609"",""ATM phosphorylates TP53 at S15"")","Khanna, KK",False,,,,,
Metabolism of proteins,"=HYPERLINK(""https://reactome.org/content/detail/R-HSA-5689972"",""USP2 deubiquitinates MDM2,MDM4"")",Gene expression (Transcription),"=HYPERLINK(""https://reactome.org/content/detail/R-HSA-6805022"",""USP2 binds the heterodimer of MDM2 and MDM4"")","Orlic-Milacic, M",True,,,,,
Metabolism of proteins,"=HYPERLINK(""https://reactome.org/content/detail/R-HSA-5689972"",""USP2 deubiquitinates MDM2,MDM4"")",Gene expression (Transcription),"=HYPERLINK(""https://reactome.org/content/detail/R-HSA-6804724"",""MDM2 ubiquitinates phosphorylated MDM4"")","Orlic-Milacic, M",False,,,,,
DNA Repair,"=HYPERLINK(""https://reactome.org/content/detail/R-HSA-5693589"",""D-loop dissociation and strand annealing"")",Gene expression (Transcription),"=HYPERLINK(""https://reactome.org/content/detail/R-HSA-5693609"",""ATM phosphorylates TP53 at S15"")","Khanna, KK",False,,,,,
DNA Repair,"=HYPERLINK(""https://reactome.org/content/detail/R-HSA-5693599"",""Association of Ku heterodimer with ends of DNA double-strand break"")",Gene expression (Transcription),"=HYPERLINK(""https://reactome.org/content/detail/R-HSA-5693609"",""ATM phosphorylates TP53 at S15"")","Khanna, KK",False,,,,,
Gene expression (Transcription),"=HYPERLINK(""https://reactome.org/content/detail/R-HSA-5693609"",""ATM phosphorylates TP53 at S15"")",Cellular responses to external stimuli,"=HYPERLINK(""https://reactome.org/content/detail/R-HSA-4647594"",""SAHF formation"")","Orlic-Milacic, M",False,,,,,
Immune System,"=HYPERLINK(""https://reactome.org/content/detail/R-HSA-6784763"",""p-Y705-STAT3 dimer translocates from cytosol to nucleoplasm"")",Programmed Cell Death,"=HYPERLINK(""https://reactome.org/content/detail/R-HSA-6790025"",""Expression of BCL2, BCL2L1"")","Jupe, S",False,,,,,
Gene expression (Transcription),"=HYPERLINK(""https://reactome.org/content/detail/R-HSA-6804996"",""p14ARF sequesters MDM2"")",Signal Transduction,"=HYPERLINK(""https://reactome.org/content/detail/R-HSA-5632939"",""TP53 binds the PTEN promoter"")","Orlic-Milacic, M",False,,,,,
Metabolism of proteins,"=HYPERLINK(""https://reactome.org/content/detail/R-HSA-688136"",""TNFAIP3 (A20) deubiquitinates RIP2"")",Immune System,"=HYPERLINK(""https://reactome.org/content/detail/R-HSA-5668414"",""TRAF2 ubiquitinates cIAP1,2 in cIAP1,2:TRAF1:TRAF2:TRAF3:NIK"")","Garapati, P V",False,,,,,
Metabolism of proteins,"=HYPERLINK(""https://reactome.org/content/detail/R-HSA-688136"",""TNFAIP3 (A20) deubiquitinates RIP2"")",Immune System,"=HYPERLINK(""https://reactome.org/content/detail/R-HSA-202534"",""Ubiquitination of NEMO by TRAF6"")","de Bono, B",False,,,,,
Metabolism of proteins,"=HYPERLINK(""https://reactome.org/content/detail/R-HSA-688136"",""TNFAIP3 (A20) deubiquitinates RIP2"")",Immune System,"=HYPERLINK(""https://reactome.org/content/detail/R-HSA-202453"",""Auto-ubiquitination of TRAF6"")","de Bono, B",False,,,,,
Metabolism of proteins,"=HYPERLINK(""https://reactome.org/content/detail/R-HSA-688136"",""TNFAIP3 (A20) deubiquitinates RIP2"")",Immune System,"=HYPERLINK(""https://reactome.org/content/detail/R-HSA-937050"",""Pellino ubiquitinates hp-IRAK1"")","Shamovsky, V",False,,,,,
Metabolism of proteins,"=HYPERLINK(""https://reactome.org/content/detail/R-HSA-688136"",""TNFAIP3 (A20) deubiquitinates RIP2"")",Immune System,"=HYPERLINK(""https://reactome.org/content/detail/R-HSA-936960"",""Activated TRAF6:p-IRAK2 interacts with TAK1 complex"")","Shamovsky, V",False,,,,,
Metabolism of proteins,"=HYPERLINK(""https://reactome.org/content/detail/R-HSA-688136"",""TNFAIP3 (A20) deubiquitinates RIP2"")",Immune System,"=HYPERLINK(""https://reactome.org/content/detail/R-HSA-936947"",""Activated TLR4:TICAM1:K63pUb-TRAF6 recruits TAK1complex"")","Shamovsky, V",False,,,,,
Metabolism of proteins,"=HYPERLINK(""https://reactome.org/content/detail/R-HSA-688136"",""TNFAIP3 (A20) deubiquitinates RIP2"")",Immune System,"=HYPERLINK(""https://reactome.org/content/detail/R-HSA-168915"",""K63-linked ubiquitination of RIP1 bound to the activated TLR complex"")","de Bono, B",False,,,,,
Metabolism of proteins,"=HYPERLINK(""https://reactome.org/content/detail/R-HSA-688136"",""TNFAIP3 (A20) deubiquitinates RIP2"")",Immune System,"=HYPERLINK(""https://reactome.org/content/detail/R-HSA-177690"",""Activated TLR3:TRIF:K63pUb-TRAF6 recruits TAK1complex"")","Shamovsky, V",False,,,,,
Metabolism of proteins,"=HYPERLINK(""https://reactome.org/content/detail/R-HSA-688136"",""TNFAIP3 (A20) deubiquitinates RIP2"")",Immune System,"=HYPERLINK(""https://reactome.org/content/detail/R-HSA-9014342"",""K63-linked ubiquitination of RIP1 bound to the activated TLR complex"")","de Bono, B",False,,,,,
Metabolism of proteins,"=HYPERLINK(""https://reactome.org/content/detail/R-HSA-688136"",""TNFAIP3 (A20) deubiquitinates RIP2"")",Immune System,"=HYPERLINK(""https://reactome.org/content/detail/R-HSA-975118"",""TRAF6 ubiquitinqtes IRF7 within the activated TLR7/8 or 9 complex"")","Shamovsky, V",False,,,,,
Metabolism of proteins,"=HYPERLINK(""https://reactome.org/content/detail/R-HSA-688136"",""TNFAIP3 (A20) deubiquitinates RIP2"")",Immune System,"=HYPERLINK(""https://reactome.org/content/detail/R-HSA-975097"",""Activated TRAF6:p-IRAK2 interacts with TAK1 complex upon TLR7/8 or 9 stimulation"")","Shamovsky, V",False,,,,,
Metabolism of proteins,"=HYPERLINK(""https://reactome.org/content/detail/R-HSA-688136"",""TNFAIP3 (A20) deubiquitinates RIP2"")",Immune System,"=HYPERLINK(""https://reactome.org/content/detail/R-HSA-975122"",""Pellino ubiquitinates hp-IRAK1 upon TLR7/8 or 9 activation<br>"")","Shamovsky, V",False,,,,,
Metabolism of proteins,"=HYPERLINK(""https://reactome.org/content/detail/R-HSA-688136"",""TNFAIP3 (A20) deubiquitinates RIP2"")",Immune System,"=HYPERLINK(""https://reactome.org/content/detail/R-HSA-741386"",""RIP2 induces K63-linked ubiquitination of NEMO"")","Jupe, S",False,,,,,
Metabolism of proteins,"=HYPERLINK(""https://reactome.org/content/detail/R-HSA-688136"",""TNFAIP3 (A20) deubiquitinates RIP2"")",Immune System,"=HYPERLINK(""https://reactome.org/content/detail/R-HSA-688137"",""RIP2 is K63 polyubiquitinated"")","Jupe, S",True,,,,,
Metabolism of proteins,"=HYPERLINK(""https://reactome.org/content/detail/R-HSA-688136"",""TNFAIP3 (A20) deubiquitinates RIP2"")",Immune System,"=HYPERLINK(""https://reactome.org/content/detail/R-HSA-918224"",""DDX58 is K63 polyubiquitinated"")","Garapati, P V",False,,,,,
Metabolism of proteins,"=HYPERLINK(""https://reactome.org/content/detail/R-HSA-688136"",""TNFAIP3 (A20) deubiquitinates RIP2"")",Immune System,"=HYPERLINK(""https://reactome.org/content/detail/R-HSA-9645406"",""ALPK1:ADP-heptose:p-T9-TIFA oligomer:K63pUb-TRAF6 oligomer recruits MAP3K7 (TAK1)"")","Shamovsky, V",False,,,,,
Metabolism of proteins,"=HYPERLINK(""https://reactome.org/content/detail/R-HSA-688136"",""TNFAIP3 (A20) deubiquitinates RIP2"")",Immune System,"=HYPERLINK(""https://reactome.org/content/detail/R-HSA-5607756"",""TRAF6 oligomer autoubiquitinates"")","Garapati, P V",False,,,,,
Metabolism of proteins,"=HYPERLINK(""https://reactome.org/content/detail/R-HSA-688136"",""TNFAIP3 (A20) deubiquitinates RIP2"")",Immune System,"=HYPERLINK(""https://reactome.org/content/detail/R-HSA-5607757"",""K63polyUb-TRAF6 ubiquitinates TAK1"")","Garapati, P V",False,,,,,
Metabolism of proteins,"=HYPERLINK(""https://reactome.org/content/detail/R-HSA-688136"",""TNFAIP3 (A20) deubiquitinates RIP2"")",Immune System,"=HYPERLINK(""https://reactome.org/content/detail/R-HSA-2730904"",""Auto-ubiquitination of TRAF6"")","Niarakis, A",False,,,,,
DNA Replication,"=HYPERLINK(""https://reactome.org/content/detail/R-HSA-68917"",""Cdc45 associates with the pre-replicative complex at the origin"")",Cell Cycle,"=HYPERLINK(""https://reactome.org/content/detail/R-HSA-176318"",""Loading of claspin onto DNA during replication origin firing"")","Borowiec, JA",False,,,,,
DNA Replication,"=HYPERLINK(""https://reactome.org/content/detail/R-HSA-69144"",""Removal of RNA primer and dissociation of RPA and Dna2"")",Cell Cycle,"=HYPERLINK(""https://reactome.org/content/detail/R-HSA-176175"",""Stalling of DNA replication fork and RPA binding"")","Borowiec, JA",False,,,,,
DNA Replication,"=HYPERLINK(""https://reactome.org/content/detail/R-HSA-69144"",""Removal of RNA primer and dissociation of RPA and Dna2"")",Reproduction,"=HYPERLINK(""https://reactome.org/content/detail/R-HSA-912503"",""Formation of meiotic single-stranded DNA invasion complex"")","May, B",False,,,,,
DNA Replication,"=HYPERLINK(""https://reactome.org/content/detail/R-HSA-69144"",""Removal of RNA primer and dissociation of RPA and Dna2"")",Cell Cycle,"=HYPERLINK(""https://reactome.org/content/detail/R-HSA-174451"",""Recruitment of DNA2 endonuclease to the C strand"")","Seidel, J",False,,,,,
DNA Replication,"=HYPERLINK(""https://reactome.org/content/detail/R-HSA-69144"",""Removal of RNA primer and dissociation of RPA and Dna2"")",Cell Cycle,"=HYPERLINK(""https://reactome.org/content/detail/R-HSA-174445"",""RPA binds to the Flap on the C-strand"")","Seidel, J",False,,,,,
Signal Transduction,"=HYPERLINK(""https://reactome.org/content/detail/R-HSA-74448"",""Calcium binds calmodulin"")",Muscle contraction,"=HYPERLINK(""https://reactome.org/content/detail/R-HSA-445813"",""Phosphorylation of Smooth Muscle Myosin Light Chains"")","Gillespie, ME",False,,,,,
Signal Transduction,"=HYPERLINK(""https://reactome.org/content/detail/R-HSA-870437"",""USP9X (FAM) deubiquitinates SMAD4"")",Metabolism of proteins,"=HYPERLINK(""https://reactome.org/content/detail/R-HSA-5661157"",""USP9X binds Ub-SNCA"")","Jupe, S",False,,,,,
Cell Cycle,"=HYPERLINK(""https://reactome.org/content/detail/R-HSA-8961619"",""CDC6 gene expression is stimulated by E2F1 and repressed by the DREAM complex"")",DNA Replication,"=HYPERLINK(""https://reactome.org/content/detail/R-HSA-69005"",""Cdc6 protein is phosphorylated by CDK"")",,False,,,,,
Cell Cycle,"=HYPERLINK(""https://reactome.org/content/detail/R-HSA-8961915"",""CDC45 gene expression is stimulated by E2F1"")",DNA Replication,"=HYPERLINK(""https://reactome.org/content/detail/R-HSA-176942"",""Multiple proteins are localized at replication fork"")","Tye, BK",False,,,,,
Cell Cycle,"=HYPERLINK(""https://reactome.org/content/detail/R-HSA-8961952"",""CDT1 gene expression is stimulated by E2F1"")",DNA Replication,"=HYPERLINK(""https://reactome.org/content/detail/R-HSA-69299"",""Cdt1 associates with geminin"")",,False,,,,,
Signal Transduction,"=HYPERLINK(""https://reactome.org/content/detail/R-HSA-8964287"",""G alpha (s):GTP:SRC dissociates"")",Transport of small molecules,"=HYPERLINK(""https://reactome.org/content/detail/R-HSA-163617"",""G alpha (s) activates adenylate cyclase"")","Jupe, S",False,,,,,
Reproduction,"=HYPERLINK(""https://reactome.org/content/detail/R-HSA-912429"",""Resolution of meiotic holliday junction"")",Cell Cycle,"=HYPERLINK(""https://reactome.org/content/detail/R-HSA-176175"",""Stalling of DNA replication fork and RPA binding"")","Borowiec, JA",False,,,,,
Reproduction,"=HYPERLINK(""https://reactome.org/content/detail/R-HSA-912429"",""Resolution of meiotic holliday junction"")",DNA Replication,"=HYPERLINK(""https://reactome.org/content/detail/R-HSA-69140"",""RPA binds to the Flap"")",,False,,,,,
Reproduction,"=HYPERLINK(""https://reactome.org/content/detail/R-HSA-912429"",""Resolution of meiotic holliday junction"")",Cell Cycle,"=HYPERLINK(""https://reactome.org/content/detail/R-HSA-174445"",""RPA binds to the Flap on the C-strand"")","Seidel, J",False,,,,,
Metabolism of proteins,"=HYPERLINK(""https://reactome.org/content/detail/R-HSA-936381"",""OTUD5 deubiquitinates TRAF3"")",Immune System,"=HYPERLINK(""https://reactome.org/content/detail/R-HSA-5668414"",""TRAF2 ubiquitinates cIAP1,2 in cIAP1,2:TRAF1:TRAF2:TRAF3:NIK"")","Garapati, P V",False,,,,,
Metabolism of proteins,"=HYPERLINK(""https://reactome.org/content/detail/R-HSA-936381"",""OTUD5 deubiquitinates TRAF3"")",Immune System,"=HYPERLINK(""https://reactome.org/content/detail/R-HSA-202534"",""Ubiquitination of NEMO by TRAF6"")","de Bono, B",False,,,,,
Metabolism of proteins,"=HYPERLINK(""https://reactome.org/content/detail/R-HSA-936381"",""OTUD5 deubiquitinates TRAF3"")",Immune System,"=HYPERLINK(""https://reactome.org/content/detail/R-HSA-202453"",""Auto-ubiquitination of TRAF6"")","de Bono, B",False,,,,,
Metabolism of proteins,"=HYPERLINK(""https://reactome.org/content/detail/R-HSA-936381"",""OTUD5 deubiquitinates TRAF3"")",Immune System,"=HYPERLINK(""https://reactome.org/content/detail/R-HSA-937050"",""Pellino ubiquitinates hp-IRAK1"")","Shamovsky, V",False,,,,,
Metabolism of proteins,"=HYPERLINK(""https://reactome.org/content/detail/R-HSA-936381"",""OTUD5 deubiquitinates TRAF3"")",Immune System,"=HYPERLINK(""https://reactome.org/content/detail/R-HSA-936960"",""Activated TRAF6:p-IRAK2 interacts with TAK1 complex"")","Shamovsky, V",False,,,,,
Metabolism of proteins,"=HYPERLINK(""https://reactome.org/content/detail/R-HSA-936381"",""OTUD5 deubiquitinates TRAF3"")",Immune System,"=HYPERLINK(""https://reactome.org/content/detail/R-HSA-936947"",""Activated TLR4:TICAM1:K63pUb-TRAF6 recruits TAK1complex"")","Shamovsky, V",False,,,,,
Metabolism of proteins,"=HYPERLINK(""https://reactome.org/content/detail/R-HSA-936381"",""OTUD5 deubiquitinates TRAF3"")",Immune System,"=HYPERLINK(""https://reactome.org/content/detail/R-HSA-168915"",""K63-linked ubiquitination of RIP1 bound to the activated TLR complex"")","de Bono, B",False,,,,,
Metabolism of proteins,"=HYPERLINK(""https://reactome.org/content/detail/R-HSA-936381"",""OTUD5 deubiquitinates TRAF3"")",Immune System,"=HYPERLINK(""https://reactome.org/content/detail/R-HSA-177690"",""Activated TLR3:TRIF:K63pUb-TRAF6 recruits TAK1complex"")","Shamovsky, V",False,,,,,
Metabolism of proteins,"=HYPERLINK(""https://reactome.org/content/detail/R-HSA-936381"",""OTUD5 deubiquitinates TRAF3"")",Immune System,"=HYPERLINK(""https://reactome.org/content/detail/R-HSA-9014342"",""K63-linked ubiquitination of RIP1 bound to the activated TLR complex"")","de Bono, B",False,,,,,
Metabolism of proteins,"=HYPERLINK(""https://reactome.org/content/detail/R-HSA-936381"",""OTUD5 deubiquitinates TRAF3"")",Immune System,"=HYPERLINK(""https://reactome.org/content/detail/R-HSA-975118"",""TRAF6 ubiquitinqtes IRF7 within the activated TLR7/8 or 9 complex"")","Shamovsky, V",False,,,,,
Metabolism of proteins,"=HYPERLINK(""https://reactome.org/content/detail/R-HSA-936381"",""OTUD5 deubiquitinates TRAF3"")",Immune System,"=HYPERLINK(""https://reactome.org/content/detail/R-HSA-975097"",""Activated TRAF6:p-IRAK2 interacts with TAK1 complex upon TLR7/8 or 9 stimulation"")","Shamovsky, V",False,,,,,
Metabolism of proteins,"=HYPERLINK(""https://reactome.org/content/detail/R-HSA-936381"",""OTUD5 deubiquitinates TRAF3"")",Immune System,"=HYPERLINK(""https://reactome.org/content/detail/R-HSA-975122"",""Pellino ubiquitinates hp-IRAK1 upon TLR7/8 or 9 activation<br>"")","Shamovsky, V",False,,,,,
Metabolism of proteins,"=HYPERLINK(""https://reactome.org/content/detail/R-HSA-936381"",""OTUD5 deubiquitinates TRAF3"")",Immune System,"=HYPERLINK(""https://reactome.org/content/detail/R-HSA-741386"",""RIP2 induces K63-linked ubiquitination of NEMO"")","Jupe, S",False,,,,,
Metabolism of proteins,"=HYPERLINK(""https://reactome.org/content/detail/R-HSA-936381"",""OTUD5 deubiquitinates TRAF3"")",Immune System,"=HYPERLINK(""https://reactome.org/content/detail/R-HSA-688137"",""RIP2 is K63 polyubiquitinated"")","Jupe, S",False,,,,,
Metabolism of proteins,"=HYPERLINK(""https://reactome.org/content/detail/R-HSA-936381"",""OTUD5 deubiquitinates TRAF3"")",Immune System,"=HYPERLINK(""https://reactome.org/content/detail/R-HSA-936475"",""Negative regulation of DDX58/IFIH1 signaling by RNF216"")","Garapati, P V",False,,,,,
Metabolism of proteins,"=HYPERLINK(""https://reactome.org/content/detail/R-HSA-936381"",""OTUD5 deubiquitinates TRAF3"")",Immune System,"=HYPERLINK(""https://reactome.org/content/detail/R-HSA-918224"",""DDX58 is K63 polyubiquitinated"")","Garapati, P V",False,,,,,
Metabolism of proteins,"=HYPERLINK(""https://reactome.org/content/detail/R-HSA-936381"",""OTUD5 deubiquitinates TRAF3"")",Immune System,"=HYPERLINK(""https://reactome.org/content/detail/R-HSA-9645406"",""ALPK1:ADP-heptose:p-T9-TIFA oligomer:K63pUb-TRAF6 oligomer recruits MAP3K7 (TAK1)"")","Shamovsky, V",False,,,,,
Metabolism of proteins,"=HYPERLINK(""https://reactome.org/content/detail/R-HSA-936381"",""OTUD5 deubiquitinates TRAF3"")",Immune System,"=HYPERLINK(""https://reactome.org/content/detail/R-HSA-5607756"",""TRAF6 oligomer autoubiquitinates"")","Garapati, P V",False,,,,,
Metabolism of proteins,"=HYPERLINK(""https://reactome.org/content/detail/R-HSA-936381"",""OTUD5 deubiquitinates TRAF3"")",Immune System,"=HYPERLINK(""https://reactome.org/content/detail/R-HSA-5607757"",""K63polyUb-TRAF6 ubiquitinates TAK1"")","Garapati, P V",False,,,,,
Metabolism of proteins,"=HYPERLINK(""https://reactome.org/content/detail/R-HSA-936381"",""OTUD5 deubiquitinates TRAF3"")",Immune System,"=HYPERLINK(""https://reactome.org/content/detail/R-HSA-2730904"",""Auto-ubiquitination of TRAF6"")","Niarakis, A",False,,,,,
Metabolism of proteins,"=HYPERLINK(""https://reactome.org/content/detail/R-HSA-936390"",""CYLD mediated deubiquitination of DDX58 (RIG-I)"")",Immune System,"=HYPERLINK(""https://reactome.org/content/detail/R-HSA-8985153"",""OASL binds DDX58"")","Shamovsky, V",False,,,,,
Metabolism of proteins,"=HYPERLINK(""https://reactome.org/content/detail/R-HSA-936390"",""CYLD mediated deubiquitination of DDX58 (RIG-I)"")",Immune System,"=HYPERLINK(""https://reactome.org/content/detail/R-HSA-168935"",""viral dsRNA binds DDX58"")","Garapati, P V",False,,,,,
Metabolism of proteins,"=HYPERLINK(""https://reactome.org/content/detail/R-HSA-936390"",""CYLD mediated deubiquitination of DDX58 (RIG-I)"")",Immune System,"=HYPERLINK(""https://reactome.org/content/detail/R-HSA-936563"",""ISGylation of DDX58"")","Garapati, P V",False,,,,,
Immune System,"=HYPERLINK(""https://reactome.org/content/detail/R-HSA-9607304"",""SOS1-mediated nucleotide exchange of RAS donwstream of FLT3"")",Signal Transduction,"=HYPERLINK(""https://reactome.org/content/detail/R-HSA-9658253"",""RAS:GTP binds PI3K"")","Rothfels, K",False,,,,,
Immune System,"=HYPERLINK(""https://reactome.org/content/detail/R-HSA-9607304"",""SOS1-mediated nucleotide exchange of RAS donwstream of FLT3"")",Signal Transduction,"=HYPERLINK(""https://reactome.org/content/detail/R-HSA-5658435"",""RAS GAPs bind RAS:GTP"")","Rothfels, K",False,,,,,
Immune System,"=HYPERLINK(""https://reactome.org/content/detail/R-HSA-9607304"",""SOS1-mediated nucleotide exchange of RAS donwstream of FLT3"")",Signal Transduction,"=HYPERLINK(""https://reactome.org/content/detail/R-HSA-9649736"",""RAS intrinsic GTPase activity hydrolyzes GTP to GDP"")","Rothfels, K",True,,,,,
Immune System,"=HYPERLINK(""https://reactome.org/content/detail/R-HSA-9607304"",""SOS1-mediated nucleotide exchange of RAS donwstream of FLT3"")",Signal Transduction,"=HYPERLINK(""https://reactome.org/content/detail/R-HSA-5674018"",""BRAP binds RAS:GTP"")","Rothfels, K",False,,,,,
Disease,"=HYPERLINK(""https://reactome.org/content/detail/R-HSA-9614369"",""Transport of HCMV DNA Into the Nucleus"")",Immune System,"=HYPERLINK(""https://reactome.org/content/detail/R-HSA-1176059"",""Translocation of Influenza A virus nonstructural protein 1 (NS1A) into the nucleus"")","Gillespie, ME",False,,,,,
Signal Transduction,"=HYPERLINK(""https://reactome.org/content/detail/R-HSA-9617583"",""CaMKII autophosphorylates"")",Neuronal System,"=HYPERLINK(""https://reactome.org/content/detail/R-HSA-9619449"",""PPM1F dephosphorylates p-T286-CaMKII"")","Orlic-Milacic, M",True,,,,,
Neuronal System,"=HYPERLINK(""https://reactome.org/content/detail/R-HSA-9618811"",""Calcium binds calmodulin at the synapse"")",Signal Transduction,"=HYPERLINK(""https://reactome.org/content/detail/R-HSA-442725"",""CaMKII binds activated calmodulin"")","Mahajan, SS",False,,,,,
Signal Transduction,"=HYPERLINK(""https://reactome.org/content/detail/R-HSA-9619125"",""CaMKK phosphorylates CAMK4"")",Neuronal System,"=HYPERLINK(""https://reactome.org/content/detail/R-HSA-9619430"",""PPM1E dephosphorylates CAMK4"")","Orlic-Milacic, M",True,,,,,
Neuronal System,"=HYPERLINK(""https://reactome.org/content/detail/R-HSA-9619430"",""PPM1E dephosphorylates CAMK4"")",Signal Transduction,"=HYPERLINK(""https://reactome.org/content/detail/R-HSA-9619125"",""CaMKK phosphorylates CAMK4"")","Orlic-Milacic, M",True,,,,,
Neuronal System,"=HYPERLINK(""https://reactome.org/content/detail/R-HSA-9619449"",""PPM1F dephosphorylates p-T286-CaMKII"")",Signal Transduction,"=HYPERLINK(""https://reactome.org/content/detail/R-HSA-9617583"",""CaMKII autophosphorylates"")","Mahajan, SS",True,,,,,
Signal Transduction,"=HYPERLINK(""https://reactome.org/content/detail/R-HSA-9649733"",""mature p21 RAS binds GDP"")",Immune System,"=HYPERLINK(""https://reactome.org/content/detail/R-HSA-9607304"",""SOS1-mediated nucleotide exchange of RAS donwstream of FLT3"")","Varusai, TM",False,,,,,
Signal Transduction,"=HYPERLINK(""https://reactome.org/content/detail/R-HSA-9649733"",""mature p21 RAS binds GDP"")",Immune System,"=HYPERLINK(""https://reactome.org/content/detail/R-HSA-1168636"",""p-RasGRP1,3:DAG cause RAS to exchange GDP for GTP"")","May, B",False,,,,,
Signal Transduction,"=HYPERLINK(""https://reactome.org/content/detail/R-HSA-9649733"",""mature p21 RAS binds GDP"")",Immune System,"=HYPERLINK(""https://reactome.org/content/detail/R-HSA-5621573"",""CD209 activate GTPase RAS"")","Garapati, P V",False,,,,,
Signal Transduction,"=HYPERLINK(""https://reactome.org/content/detail/R-HSA-9649733"",""mature p21 RAS binds GDP"")",Immune System,"=HYPERLINK(""https://reactome.org/content/detail/R-HSA-2424477"",""SOS mediated nucleotide exchange of RAS (SHC)"")","Garapati, P V",False,,,,,
Signal Transduction,"=HYPERLINK(""https://reactome.org/content/detail/R-HSA-9649735"",""Intrinsic nucleotide exchange on RAS"")",Immune System,"=HYPERLINK(""https://reactome.org/content/detail/R-HSA-5624494"",""RAF1 binds p21 RAS:GTP"")","Garapati, P V",False,,,,,
Signal Transduction,"=HYPERLINK(""https://reactome.org/content/detail/R-HSA-9649736"",""RAS intrinsic GTPase activity hydrolyzes GTP to GDP"")",Immune System,"=HYPERLINK(""https://reactome.org/content/detail/R-HSA-9607304"",""SOS1-mediated nucleotide exchange of RAS donwstream of FLT3"")","Varusai, TM",True,,,,,
Signal Transduction,"=HYPERLINK(""https://reactome.org/content/detail/R-HSA-9649736"",""RAS intrinsic GTPase activity hydrolyzes GTP to GDP"")",Immune System,"=HYPERLINK(""https://reactome.org/content/detail/R-HSA-1168636"",""p-RasGRP1,3:DAG cause RAS to exchange GDP for GTP"")","May, B",True,,,,,
Signal Transduction,"=HYPERLINK(""https://reactome.org/content/detail/R-HSA-9649736"",""RAS intrinsic GTPase activity hydrolyzes GTP to GDP"")",Immune System,"=HYPERLINK(""https://reactome.org/content/detail/R-HSA-5621573"",""CD209 activate GTPase RAS"")","Garapati, P V",True,,,,,
Signal Transduction,"=HYPERLINK(""https://reactome.org/content/detail/R-HSA-9649736"",""RAS intrinsic GTPase activity hydrolyzes GTP to GDP"")",Immune System,"=HYPERLINK(""https://reactome.org/content/detail/R-HSA-2424477"",""SOS mediated nucleotide exchange of RAS (SHC)"")","Garapati, P V",True,,,,,
Signal Transduction,"=HYPERLINK(""https://reactome.org/content/detail/R-HSA-9654533"",""KRAS4B recycles to the plasma membrane"")",Immune System,"=HYPERLINK(""https://reactome.org/content/detail/R-HSA-2025890"",""Calcineurin binds NFATC1,2,3"")","May, B",False,,,,,
Immune System,"=HYPERLINK(""https://reactome.org/content/detail/R-HSA-1112587"",""STAT1 and STAT3 dimers translocate to the nucleus"")",Programmed Cell Death,"=HYPERLINK(""https://reactome.org/content/detail/R-HSA-6790025"",""Expression of BCL2, BCL2L1"")","Jupe, S",False,,,,,
Signal Transduction,"=HYPERLINK(""https://reactome.org/content/detail/R-HSA-111924"",""PKA catalytic subunit translocates to the nucleus"")",Disease,"=HYPERLINK(""https://reactome.org/content/detail/R-HSA-9005561"",""Active PKA, CaMK IV do not phosphorylate MECP2 mutants R306C,(R306H) at T308"")","Orlic-Milacic, M",False,,,,,
Transport of small molecules,"=HYPERLINK(""https://reactome.org/content/detail/R-HSA-111925"",""cAMP induces dissociation of inactive PKA tetramers"")",Metabolism,"=HYPERLINK(""https://reactome.org/content/detail/R-HSA-265682"",""KCNJ11 tetramer:ABCC8 tetramer binds 4xATP, closing the channel"")","May, B",False,,,,,
Transport of small molecules,"=HYPERLINK(""https://reactome.org/content/detail/R-HSA-111925"",""cAMP induces dissociation of inactive PKA tetramers"")",Metabolism,"=HYPERLINK(""https://reactome.org/content/detail/R-HSA-381713"",""Potassium voltage-gated channels close in reponse to PKA"")","May, B",False,,,,,
Transport of small molecules,"=HYPERLINK(""https://reactome.org/content/detail/R-HSA-111925"",""cAMP induces dissociation of inactive PKA tetramers"")",Metabolism,"=HYPERLINK(""https://reactome.org/content/detail/R-HSA-381644"",""ER calcium channels open in response to activated PKA"")","May, B",False,,,,,
Transport of small molecules,"=HYPERLINK(""https://reactome.org/content/detail/R-HSA-111925"",""cAMP induces dissociation of inactive PKA tetramers"")",Metabolism,"=HYPERLINK(""https://reactome.org/content/detail/R-HSA-163418"",""perilipin + 2 ATP -> phosphorylated perilipin + 2 ADP"")","D'Eustachio, P",False,,,,,
Transport of small molecules,"=HYPERLINK(""https://reactome.org/content/detail/R-HSA-111925"",""cAMP induces dissociation of inactive PKA tetramers"")",Signal Transduction,"=HYPERLINK(""https://reactome.org/content/detail/R-HSA-5218854"",""p-Y420-FYN is phosphorylated on S21"")","Garapati, P V",False,,,,,
Transport of small molecules,"=HYPERLINK(""https://reactome.org/content/detail/R-HSA-111925"",""cAMP induces dissociation of inactive PKA tetramers"")",Signal Transduction,"=HYPERLINK(""https://reactome.org/content/detail/R-HSA-177284"",""PKA phosphorylates PDE4B"")","Le Novere, N",False,,,,,
Transport of small molecules,"=HYPERLINK(""https://reactome.org/content/detail/R-HSA-111925"",""cAMP induces dissociation of inactive PKA tetramers"")",Signal Transduction,"=HYPERLINK(""https://reactome.org/content/detail/R-HSA-177275"",""PKA phosphorylates DARPP-32 on Thr34"")","Le Novere, N",False,,,,,
Transport of small molecules,"=HYPERLINK(""https://reactome.org/content/detail/R-HSA-111925"",""cAMP induces dissociation of inactive PKA tetramers"")",Signal Transduction,"=HYPERLINK(""https://reactome.org/content/detail/R-HSA-180073"",""DARPP-32 phosphorylated on Thr75 binds to PKA, inhibiting its function"")","Le Novere, N",False,,,,,
Immune System,"=HYPERLINK(""https://reactome.org/content/detail/R-HSA-1168459"",""Lyn activates ERK"")",Signal Transduction,"=HYPERLINK(""https://reactome.org/content/detail/R-HSA-5675206"",""PEA15 binds MAPK monomers and dimers"")","Rothfels, K",False,,,,,
Immune System,"=HYPERLINK(""https://reactome.org/content/detail/R-HSA-1168459"",""Lyn activates ERK"")",Signal Transduction,"=HYPERLINK(""https://reactome.org/content/detail/R-HSA-5674385"",""p-T,Y MAPKs dimerize"")","Rothfels, K",False,,,,,
Immune System,"=HYPERLINK(""https://reactome.org/content/detail/R-HSA-1168459"",""Lyn activates ERK"")",Signal Transduction,"=HYPERLINK(""https://reactome.org/content/detail/R-HSA-5674387"",""Phosphorylated MAPKs translocate into the nucleus"")","Rothfels, K",False,,,,,
Immune System,"=HYPERLINK(""https://reactome.org/content/detail/R-HSA-1168459"",""Lyn activates ERK"")",Signal Transduction,"=HYPERLINK(""https://reactome.org/content/detail/R-HSA-5675376"",""Cytosolic DUSPs dephosphorylate MAPKs"")","Rothfels, K",True,,,,,
Immune System,"=HYPERLINK(""https://reactome.org/content/detail/R-HSA-1168459"",""Lyn activates ERK"")",Signal Transduction,"=HYPERLINK(""https://reactome.org/content/detail/R-HSA-5674496"",""Activated MAPKs phosphorylate MAP2K1"")","Rothfels, K",False,,,,,
Immune System,"=HYPERLINK(""https://reactome.org/content/detail/R-HSA-1168459"",""Lyn activates ERK"")",Signal Transduction,"=HYPERLINK(""https://reactome.org/content/detail/R-HSA-5675198"",""Activated MAPKs phosphorylate BRAF"")","Rothfels, K",False,,,,,
Immune System,"=HYPERLINK(""https://reactome.org/content/detail/R-HSA-1168459"",""Lyn activates ERK"")",Signal Transduction,"=HYPERLINK(""https://reactome.org/content/detail/R-HSA-5675194"",""Activated MAPK phosphorylates RAF1"")","Rothfels, K",False,,,,,
Immune System,"=HYPERLINK(""https://reactome.org/content/detail/R-HSA-1168894"",""p-STAT5A/B dissociates from the Growth Hormone receptor"")",Signal Transduction,"=HYPERLINK(""https://reactome.org/content/detail/R-HSA-452102"",""p-STAT5 dimerizes"")","Ray, KP",False,,,,,
Immune System,"=HYPERLINK(""https://reactome.org/content/detail/R-HSA-1247960"",""Activation of p38 MAPK"")",Signal Transduction,"=HYPERLINK(""https://reactome.org/content/detail/R-HSA-8867654"",""PTPN3 binds p-T183,Y185 MAPK12"")","Rothfels, K",False,,,,,
Programmed Cell Death,"=HYPERLINK(""https://reactome.org/content/detail/R-HSA-139952"",""Caspase-8 processing in the DISC"")",Signal Transduction,"=HYPERLINK(""https://reactome.org/content/detail/R-HSA-3371360"",""FLIP(L) and procaspase-8 form heterodimer in TNF signaling"")","Shamovsky, V",False,,,,,
Extracellular matrix organization,"=HYPERLINK(""https://reactome.org/content/detail/R-HSA-1474266"",""Formation of collagen fibrils"")",Hemostasis,"=HYPERLINK(""https://reactome.org/content/detail/R-HSA-114563"",""Collagen type I binds integrin alpha1beta1, alpha2beta1, alpha10beta1"")","Horwitz, AR",False,,,,,
Immune System,"=HYPERLINK(""https://reactome.org/content/detail/R-HSA-1678841"",""Regulation of protein ISGylation by ISG15 deconjugating enzyme USP18"")",Signal Transduction,"=HYPERLINK(""https://reactome.org/content/detail/R-HSA-5674132"",""WDR83:LAMTOR2:LAMTOR3 binds MAPK components"")","Rothfels, K",False,,,,,
Immune System,"=HYPERLINK(""https://reactome.org/content/detail/R-HSA-1678841"",""Regulation of protein ISGylation by ISG15 deconjugating enzyme USP18"")",Signal Transduction,"=HYPERLINK(""https://reactome.org/content/detail/R-HSA-5674366"",""IL17RD binds p-2S MAP2Ks and MAPKs"")","Rothfels, K",False,,,,,
Immune System,"=HYPERLINK(""https://reactome.org/content/detail/R-HSA-1678841"",""Regulation of protein ISGylation by ISG15 deconjugating enzyme USP18"")",Signal Transduction,"=HYPERLINK(""https://reactome.org/content/detail/R-HSA-5672972"",""MAP2Ks and MAPKs bind to the activated RAF complex"")","Rothfels, K",False,,,,,
Cell Cycle,"=HYPERLINK(""https://reactome.org/content/detail/R-HSA-174058"",""Degradation of multiubiquitinated Cdh1"")",Gene expression (Transcription),"=HYPERLINK(""https://reactome.org/content/detail/R-HSA-6804724"",""MDM2 ubiquitinates phosphorylated MDM4"")","Orlic-Milacic, M",False,,,,,
Cell Cycle,"=HYPERLINK(""https://reactome.org/content/detail/R-HSA-174058"",""Degradation of multiubiquitinated Cdh1"")",Gene expression (Transcription),"=HYPERLINK(""https://reactome.org/content/detail/R-HSA-6804879"",""MDM2 ubiquitinates TP53"")","Orlic-Milacic, M",False,,,,,
Cell Cycle,"=HYPERLINK(""https://reactome.org/content/detail/R-HSA-174058"",""Degradation of multiubiquitinated Cdh1"")",DNA Replication,"=HYPERLINK(""https://reactome.org/content/detail/R-HSA-68946"",""Phosphorylated Orc1 is ubiquitinated while still associated with chromatin"")",,False,,,,,
Cell Cycle,"=HYPERLINK(""https://reactome.org/content/detail/R-HSA-174447"",""RFC dissociates after sliding clamp formation on the C-strand of the telomere"")",DNA Replication,"=HYPERLINK(""https://reactome.org/content/detail/R-HSA-69053"",""RFC binding displaces Pol Alpha"")",,False,,,,,
Cell Cycle,"=HYPERLINK(""https://reactome.org/content/detail/R-HSA-187574"",""Degradation of ubiquitinated p27/p21 by the 26S proteasome"")",Gene expression (Transcription),"=HYPERLINK(""https://reactome.org/content/detail/R-HSA-6804724"",""MDM2 ubiquitinates phosphorylated MDM4"")","Orlic-Milacic, M",False,,,,,
Cell Cycle,"=HYPERLINK(""https://reactome.org/content/detail/R-HSA-187574"",""Degradation of ubiquitinated p27/p21 by the 26S proteasome"")",Gene expression (Transcription),"=HYPERLINK(""https://reactome.org/content/detail/R-HSA-6804879"",""MDM2 ubiquitinates TP53"")","Orlic-Milacic, M",False,,,,,
Cell Cycle,"=HYPERLINK(""https://reactome.org/content/detail/R-HSA-187574"",""Degradation of ubiquitinated p27/p21 by the 26S proteasome"")",DNA Replication,"=HYPERLINK(""https://reactome.org/content/detail/R-HSA-68944"",""Orc1 is phosphorylated by cyclin A/CDK2"")",,False,,,,,
Cell Cycle,"=HYPERLINK(""https://reactome.org/content/detail/R-HSA-187574"",""Degradation of ubiquitinated p27/p21 by the 26S proteasome"")",DNA Replication,"=HYPERLINK(""https://reactome.org/content/detail/R-HSA-68946"",""Phosphorylated Orc1 is ubiquitinated while still associated with chromatin"")",,False,,,,,
Cell Cycle,"=HYPERLINK(""https://reactome.org/content/detail/R-HSA-187574"",""Degradation of ubiquitinated p27/p21 by the 26S proteasome"")",DNA Replication,"=HYPERLINK(""https://reactome.org/content/detail/R-HSA-69005"",""Cdc6 protein is phosphorylated by CDK"")",,False,,,,,
Cell Cycle,"=HYPERLINK(""https://reactome.org/content/detail/R-HSA-188191"",""APC/C:Cdh1-mediated degradation of Skp2"")",Gene expression (Transcription),"=HYPERLINK(""https://reactome.org/content/detail/R-HSA-6804724"",""MDM2 ubiquitinates phosphorylated MDM4"")","Orlic-Milacic, M",False,,,,,
Cell Cycle,"=HYPERLINK(""https://reactome.org/content/detail/R-HSA-188191"",""APC/C:Cdh1-mediated degradation of Skp2"")",Gene expression (Transcription),"=HYPERLINK(""https://reactome.org/content/detail/R-HSA-6804879"",""MDM2 ubiquitinates TP53"")","Orlic-Milacic, M",False,,,,,
Cell Cycle,"=HYPERLINK(""https://reactome.org/content/detail/R-HSA-188191"",""APC/C:Cdh1-mediated degradation of Skp2"")",DNA Replication,"=HYPERLINK(""https://reactome.org/content/detail/R-HSA-68946"",""Phosphorylated Orc1 is ubiquitinated while still associated with chromatin"")",,False,,,,,
Signal Transduction,"=HYPERLINK(""https://reactome.org/content/detail/R-HSA-198270"",""PDPK1 phosphorylates AKT at T308"")",Immune System,"=HYPERLINK(""https://reactome.org/content/detail/R-HSA-390329"",""Dephosphorylation of AKT by PP2A"")","Garapati, P V",False,,,,,
Metabolism,"=HYPERLINK(""https://reactome.org/content/detail/R-HSA-2024108"",""Some HSPGs are secreted to the plasma membrane"")",Signal Transduction,"=HYPERLINK(""https://reactome.org/content/detail/R-HSA-2423785"",""CR:atREs binds apoE and HSPG"")","Jassal, B",False,,,,,
Immune System,"=HYPERLINK(""https://reactome.org/content/detail/R-HSA-2029454"",""Autophosphorylation of PAK1"")",Signal Transduction,"=HYPERLINK(""https://reactome.org/content/detail/R-HSA-389788"",""Activation of PAKs by RAC1 and CDC42"")","Garapati, P V",True,,,,,
Immune System,"=HYPERLINK(""https://reactome.org/content/detail/R-HSA-2029454"",""Autophosphorylation of PAK1"")",Signal Transduction,"=HYPERLINK(""https://reactome.org/content/detail/R-HSA-442586"",""Activation of WASP and N-WASP by CDC42"")","Jupe, S",False,,,,,
Immune System,"=HYPERLINK(""https://reactome.org/content/detail/R-HSA-2029454"",""Autophosphorylation of PAK1"")",Signal Transduction,"=HYPERLINK(""https://reactome.org/content/detail/R-HSA-2029456"",""RAC1 and CDC42 activate PAK1"")","Garapati, P V",True,,,,,
Immune System,"=HYPERLINK(""https://reactome.org/content/detail/R-HSA-2029454"",""Autophosphorylation of PAK1"")",Signal Transduction,"=HYPERLINK(""https://reactome.org/content/detail/R-HSA-2029465"",""RAC1:GTP and PIP3 bind WAVE Regulatory Complex (WRC)"")","Jupe, S",False,,,,,
Signal Transduction,"=HYPERLINK(""https://reactome.org/content/detail/R-HSA-2179291"",""UCHL5, USP15 deubiquitinate TGFBR1"")",Metabolism of proteins,"=HYPERLINK(""https://reactome.org/content/detail/R-HSA-5665854"",""ADRM1:26S proteaseome binds UCHL5"")","Jupe, S",False,,,,,
Signal Transduction,"=HYPERLINK(""https://reactome.org/content/detail/R-HSA-2186747"",""Ubiquitination of SKI/SKIL by RNF111/SMURF2"")",Gene expression (Transcription),"=HYPERLINK(""https://reactome.org/content/detail/R-HSA-382096"",""Formation of NR-NCOR Corepressor Complex"")","Caudy, M",False,,,,,
Signal Transduction,"=HYPERLINK(""https://reactome.org/content/detail/R-HSA-2186747"",""Ubiquitination of SKI/SKIL by RNF111/SMURF2"")",Gene expression (Transcription),"=HYPERLINK(""https://reactome.org/content/detail/R-HSA-8952419"",""SMURFs ubiquitinate RUNX3"")","Orlic-Milacic, M",False,,,,,
Signal Transduction,"=HYPERLINK(""https://reactome.org/content/detail/R-HSA-2186747"",""Ubiquitination of SKI/SKIL by RNF111/SMURF2"")",Gene expression (Transcription),"=HYPERLINK(""https://reactome.org/content/detail/R-HSA-350058"",""Formation of CSL NCOR corepressor complex"")","Caudy, M",False,,,,,
Immune System,"=HYPERLINK(""https://reactome.org/content/detail/R-HSA-2424485"",""Release of p-PLCG1"")",Signal Transduction,"=HYPERLINK(""https://reactome.org/content/detail/R-HSA-167686"",""Active PLCG1 hydrolyses PIP2"")","Annibali, D",False,,,,,
Signal Transduction,"=HYPERLINK(""https://reactome.org/content/detail/R-HSA-2429643"",""NREH hydrolyses atREs (HSPG:apoE) to atROL and FAs"")",Metabolism,"=HYPERLINK(""https://reactome.org/content/detail/R-HSA-2024084"",""HS-GAGs translocate to the lysosome for degradation"")","Jassal, B",False,,,,,
Signal Transduction,"=HYPERLINK(""https://reactome.org/content/detail/R-HSA-2429643"",""NREH hydrolyses atREs (HSPG:apoE) to atROL and FAs"")",Metabolism,"=HYPERLINK(""https://reactome.org/content/detail/R-HSA-1678694"",""Heparanase 2 (HPSE2) cleaves heparan sulfate from its proteoglycan (plasma membrane)"")","Jassal, B",False,,,,,
Immune System,"=HYPERLINK(""https://reactome.org/content/detail/R-HSA-2730856"",""Autophosphorylation of PAK"")",Signal Transduction,"=HYPERLINK(""https://reactome.org/content/detail/R-HSA-2029460"",""PAK1 phosphorylates LIMK1"")","Garapati, P V",False,,,,,
Gene expression (Transcription),"=HYPERLINK(""https://reactome.org/content/detail/R-HSA-3215295"",""USP7 deubiquitinates MDM2"")",Signal Transduction,"=HYPERLINK(""https://reactome.org/content/detail/R-HSA-870449"",""TRIM33 monoubiquitinates SMAD4"")","Williams, MG",False,,,,,
Gene expression (Transcription),"=HYPERLINK(""https://reactome.org/content/detail/R-HSA-3215295"",""USP7 deubiquitinates MDM2"")",Signal Transduction,"=HYPERLINK(""https://reactome.org/content/detail/R-HSA-2186747"",""Ubiquitination of SKI/SKIL by RNF111/SMURF2"")","Orlic-Milacic, M",False,,,,,
Gene expression (Transcription),"=HYPERLINK(""https://reactome.org/content/detail/R-HSA-3215295"",""USP7 deubiquitinates MDM2"")",Signal Transduction,"=HYPERLINK(""https://reactome.org/content/detail/R-HSA-2176502"",""NEDD4L ubiquitinates SMAD2/3"")","Orlic-Milacic, M",False,,,,,
Gene expression (Transcription),"=HYPERLINK(""https://reactome.org/content/detail/R-HSA-3215295"",""USP7 deubiquitinates MDM2"")",Signal Transduction,"=HYPERLINK(""https://reactome.org/content/detail/R-HSA-2179276"",""SMURF2 monoubiquitinates SMAD3"")","Orlic-Milacic, M",False,,,,,
Gene expression (Transcription),"=HYPERLINK(""https://reactome.org/content/detail/R-HSA-3215295"",""USP7 deubiquitinates MDM2"")",Signal Transduction,"=HYPERLINK(""https://reactome.org/content/detail/R-HSA-2186785"",""RNF111 ubiquitinates SMAD7"")","Orlic-Milacic, M",False,,,,,
Gene expression (Transcription),"=HYPERLINK(""https://reactome.org/content/detail/R-HSA-3215310"",""USP7 deubiquitinates TP53 and counteracts MDM2"")",Signal Transduction,"=HYPERLINK(""https://reactome.org/content/detail/R-HSA-870449"",""TRIM33 monoubiquitinates SMAD4"")","Williams, MG",False,,,,,
Gene expression (Transcription),"=HYPERLINK(""https://reactome.org/content/detail/R-HSA-3215310"",""USP7 deubiquitinates TP53 and counteracts MDM2"")",Signal Transduction,"=HYPERLINK(""https://reactome.org/content/detail/R-HSA-2186747"",""Ubiquitination of SKI/SKIL by RNF111/SMURF2"")","Orlic-Milacic, M",False,,,,,
Gene expression (Transcription),"=HYPERLINK(""https://reactome.org/content/detail/R-HSA-3215310"",""USP7 deubiquitinates TP53 and counteracts MDM2"")",Signal Transduction,"=HYPERLINK(""https://reactome.org/content/detail/R-HSA-2176502"",""NEDD4L ubiquitinates SMAD2/3"")","Orlic-Milacic, M",False,,,,,
Gene expression (Transcription),"=HYPERLINK(""https://reactome.org/content/detail/R-HSA-3215310"",""USP7 deubiquitinates TP53 and counteracts MDM2"")",Signal Transduction,"=HYPERLINK(""https://reactome.org/content/detail/R-HSA-2179276"",""SMURF2 monoubiquitinates SMAD3"")","Orlic-Milacic, M",False,,,,,
Gene expression (Transcription),"=HYPERLINK(""https://reactome.org/content/detail/R-HSA-3215310"",""USP7 deubiquitinates TP53 and counteracts MDM2"")",Signal Transduction,"=HYPERLINK(""https://reactome.org/content/detail/R-HSA-2186785"",""RNF111 ubiquitinates SMAD7"")","Orlic-Milacic, M",False,,,,,
Signal Transduction,"=HYPERLINK(""https://reactome.org/content/detail/R-HSA-389788"",""Activation of PAKs by RAC1 and CDC42"")",Immune System,"=HYPERLINK(""https://reactome.org/content/detail/R-HSA-430183"",""NCK binds PAK"")","Akkerman, JW",False,,,,,
Signal Transduction,"=HYPERLINK(""https://reactome.org/content/detail/R-HSA-389788"",""Activation of PAKs by RAC1 and CDC42"")",Immune System,"=HYPERLINK(""https://reactome.org/content/detail/R-HSA-2029454"",""Autophosphorylation of PAK1"")","Garapati, P V",True,,,,,
Signal Transduction,"=HYPERLINK(""https://reactome.org/content/detail/R-HSA-389788"",""Activation of PAKs by RAC1 and CDC42"")",Immune System,"=HYPERLINK(""https://reactome.org/content/detail/R-HSA-5624492"",""PAK phosphorylates p21 RAF1 on S338"")","Garapati, P V",False,,,,,
Immune System,"=HYPERLINK(""https://reactome.org/content/detail/R-HSA-390329"",""Dephosphorylation of AKT by PP2A"")",Signal Transduction,"=HYPERLINK(""https://reactome.org/content/detail/R-HSA-2317332"",""PIP3 recruits AKT to the membrane"")","Annibali, D",False,,,,,
Developmental Biology,"=HYPERLINK(""https://reactome.org/content/detail/R-HSA-3928577"",""ROCK phosphorylates LIMK1,2"")",Immune System,"=HYPERLINK(""https://reactome.org/content/detail/R-HSA-419645"",""Dimerization of LIMK1 by Hsp90"")","Garapati, P V",False,,,,,
Signal Transduction,"=HYPERLINK(""https://reactome.org/content/detail/R-HSA-419087"",""LIM kinase phosphorylation by ROCK"")",Immune System,"=HYPERLINK(""https://reactome.org/content/detail/R-HSA-419645"",""Dimerization of LIMK1 by Hsp90"")","Garapati, P V",False,,,,,
Hemostasis,"=HYPERLINK(""https://reactome.org/content/detail/R-HSA-481007"",""Exocytosis of platelet alpha granule contents"")",Signal Transduction,"=HYPERLINK(""https://reactome.org/content/detail/R-HSA-354149"",""Interaction of integrin alphaIIb beta3 with Fibrinogen"")","Garapati, P V",False,,,,,
Hemostasis,"=HYPERLINK(""https://reactome.org/content/detail/R-HSA-481044"",""Surface deployment of platelet alpha granule membrane components"")",Signal Transduction,"=HYPERLINK(""https://reactome.org/content/detail/R-HSA-432110"",""Integrin alpha IIb beta3 T779 phosphorylation blocks SHC binding"")","Akkerman, JW",False,,,,,
Signal Transduction,"=HYPERLINK(""https://reactome.org/content/detail/R-HSA-5674387"",""Phosphorylated MAPKs translocate into the nucleus"")",Immune System,"=HYPERLINK(""https://reactome.org/content/detail/R-HSA-450325"",""c-FOS activation by phospho ERK1/2"")","Shamovsky, V",False,,,,,
Signal Transduction,"=HYPERLINK(""https://reactome.org/content/detail/R-HSA-5674387"",""Phosphorylated MAPKs translocate into the nucleus"")",Immune System,"=HYPERLINK(""https://reactome.org/content/detail/R-HSA-168053"",""Phosphorylated MAPKs phosphorylate ATF-2"")","Luo, F",False,,,,,
Signal Transduction,"=HYPERLINK(""https://reactome.org/content/detail/R-HSA-5675376"",""Cytosolic DUSPs dephosphorylate MAPKs"")",Immune System,"=HYPERLINK(""https://reactome.org/content/detail/R-HSA-1169406"",""ISGylation of host proteins"")","Garapati, P V",False,,,,,
Signal Transduction,"=HYPERLINK(""https://reactome.org/content/detail/R-HSA-5675376"",""Cytosolic DUSPs dephosphorylate MAPKs"")",Immune System,"=HYPERLINK(""https://reactome.org/content/detail/R-HSA-1168459"",""Lyn activates ERK"")","Jupe, S",True,,,,,
Signal Transduction,"=HYPERLINK(""https://reactome.org/content/detail/R-HSA-5675376"",""Cytosolic DUSPs dephosphorylate MAPKs"")",Immune System,"=HYPERLINK(""https://reactome.org/content/detail/R-HSA-879362"",""AGER binds ERK1/2"")","Jupe, S",False,,,,,
Immune System,"=HYPERLINK(""https://reactome.org/content/detail/R-HSA-6788623"",""p-Y-STATs translocate to nucleus"")",Programmed Cell Death,"=HYPERLINK(""https://reactome.org/content/detail/R-HSA-6790025"",""Expression of BCL2, BCL2L1"")","Jupe, S",False,,,,,
Programmed Cell Death,"=HYPERLINK(""https://reactome.org/content/detail/R-HSA-6790025"",""Expression of BCL2, BCL2L1"")",Signal Transduction,"=HYPERLINK(""https://reactome.org/content/detail/R-HSA-9653595"",""pS181-S-Farn-Me KRAS4B binds BCL2L1"")","Rothfels, K",False,,,,,
Programmed Cell Death,"=HYPERLINK(""https://reactome.org/content/detail/R-HSA-6790025"",""Expression of BCL2, BCL2L1"")",Immune System,"=HYPERLINK(""https://reactome.org/content/detail/R-HSA-879201"",""Bcl-2 and Bcl-XL bind NLRP1"")","Jupe, S",False,,,,,
Immune System,"=HYPERLINK(""https://reactome.org/content/detail/R-HSA-6790041"",""Expression of STAT3-upregulated cytosolic proteins"")",Signal Transduction,"=HYPERLINK(""https://reactome.org/content/detail/R-HSA-2317332"",""PIP3 recruits AKT to the membrane"")","Annibali, D",False,,,,,
Metabolism,"=HYPERLINK(""https://reactome.org/content/detail/R-HSA-6792572"",""LIPT1 transfers lipoyl group from lipoyl-GCSH to DHs"")",Signal Transduction,"=HYPERLINK(""https://reactome.org/content/detail/R-HSA-203946"",""PDK isoforms phosphorylate lipo-PDH"")","Gopinathrao, G",False,,,,,
Immune System,"=HYPERLINK(""https://reactome.org/content/detail/R-HSA-6798739"",""Exocytosis of azurophil granule membrane proteins"")",Signal Transduction,"=HYPERLINK(""https://reactome.org/content/detail/R-HSA-444647"",""C3a receptor binds anaphylatoxin C3a"")","Jupe, S",False,,,,,
Immune System,"=HYPERLINK(""https://reactome.org/content/detail/R-HSA-6798743"",""Exocytosis of secretory granule membrane proteins"")",Signal Transduction,"=HYPERLINK(""https://reactome.org/content/detail/R-HSA-375395"",""C5a receptor binds C5a anaphylatoxin"")","Jassal, B",False,,,,,
Immune System,"=HYPERLINK(""https://reactome.org/content/detail/R-HSA-6799350"",""Exocytosis of specific granule membrane proteins"")",Signal Transduction,"=HYPERLINK(""https://reactome.org/content/detail/R-HSA-444647"",""C3a receptor binds anaphylatoxin C3a"")","Jupe, S",False,,,,,
Signal Transduction,"=HYPERLINK(""https://reactome.org/content/detail/R-HSA-744886"",""The Ligand:GPCR:Gs complex dissociates"")",Transport of small molecules,"=HYPERLINK(""https://reactome.org/content/detail/R-HSA-392263"",""AVP(20-28) binds AVPR2"")","Jassal, B",False,,,,,
Signal Transduction,"=HYPERLINK(""https://reactome.org/content/detail/R-HSA-749452"",""The Ligand:GPCR:Gq complex dissociates"")",Transport of small molecules,"=HYPERLINK(""https://reactome.org/content/detail/R-HSA-392263"",""AVP(20-28) binds AVPR2"")","Jassal, B",False,,,,,
Immune System,"=HYPERLINK(""https://reactome.org/content/detail/R-HSA-8852809"",""CPN, CPB2 cleave C3a, C5a"")",Signal Transduction,"=HYPERLINK(""https://reactome.org/content/detail/R-HSA-964811"",""C5AR2 binds anaphylatoxins and thier desArginated derivatives"")","Jupe, S",False,,,,,
Gene expression (Transcription),"=HYPERLINK(""https://reactome.org/content/detail/R-HSA-8939801"",""26S proteasome degrades PolyUb-RUNX2"")",Signal Transduction,"=HYPERLINK(""https://reactome.org/content/detail/R-HSA-870449"",""TRIM33 monoubiquitinates SMAD4"")","Williams, MG",False,,,,,
Gene expression (Transcription),"=HYPERLINK(""https://reactome.org/content/detail/R-HSA-8939801"",""26S proteasome degrades PolyUb-RUNX2"")",Signal Transduction,"=HYPERLINK(""https://reactome.org/content/detail/R-HSA-2186747"",""Ubiquitination of SKI/SKIL by RNF111/SMURF2"")","Orlic-Milacic, M",False,,,,,
Gene expression (Transcription),"=HYPERLINK(""https://reactome.org/content/detail/R-HSA-8939801"",""26S proteasome degrades PolyUb-RUNX2"")",Signal Transduction,"=HYPERLINK(""https://reactome.org/content/detail/R-HSA-2176502"",""NEDD4L ubiquitinates SMAD2/3"")","Orlic-Milacic, M",False,,,,,
Gene expression (Transcription),"=HYPERLINK(""https://reactome.org/content/detail/R-HSA-8939801"",""26S proteasome degrades PolyUb-RUNX2"")",Signal Transduction,"=HYPERLINK(""https://reactome.org/content/detail/R-HSA-2179276"",""SMURF2 monoubiquitinates SMAD3"")","Orlic-Milacic, M",False,,,,,
Gene expression (Transcription),"=HYPERLINK(""https://reactome.org/content/detail/R-HSA-8939801"",""26S proteasome degrades PolyUb-RUNX2"")",Signal Transduction,"=HYPERLINK(""https://reactome.org/content/detail/R-HSA-2186785"",""RNF111 ubiquitinates SMAD7"")","Orlic-Milacic, M",False,,,,,
Protein localization,"=HYPERLINK(""https://reactome.org/content/detail/R-HSA-8953946"",""PEX2:PEX10:PEX12 monoubiquitinates PEX5S,L at cysteine-11"")",Metabolism of proteins,"=HYPERLINK(""https://reactome.org/content/detail/R-HSA-8852129"",""UBA1 conjugates ubiquitin to cytosolic E2 enzymes"")","May, B",False,,,,,
Protein localization,"=HYPERLINK(""https://reactome.org/content/detail/R-HSA-8953946"",""PEX2:PEX10:PEX12 monoubiquitinates PEX5S,L at cysteine-11"")",Metabolism of proteins,"=HYPERLINK(""https://reactome.org/content/detail/R-HSA-8852127"",""UBA6 conjugates ubiquitin to cytosolic E2 enzymes"")","May, B",False,,,,,
Gene expression (Transcription),"=HYPERLINK(""https://reactome.org/content/detail/R-HSA-9008475"",""Proteasome degrades polyubiquitinated RUNX2"")",Signal Transduction,"=HYPERLINK(""https://reactome.org/content/detail/R-HSA-870449"",""TRIM33 monoubiquitinates SMAD4"")","Williams, MG",False,,,,,
Gene expression (Transcription),"=HYPERLINK(""https://reactome.org/content/detail/R-HSA-9008475"",""Proteasome degrades polyubiquitinated RUNX2"")",Signal Transduction,"=HYPERLINK(""https://reactome.org/content/detail/R-HSA-2186747"",""Ubiquitination of SKI/SKIL by RNF111/SMURF2"")","Orlic-Milacic, M",False,,,,,
Gene expression (Transcription),"=HYPERLINK(""https://reactome.org/content/detail/R-HSA-9008475"",""Proteasome degrades polyubiquitinated RUNX2"")",Signal Transduction,"=HYPERLINK(""https://reactome.org/content/detail/R-HSA-2176502"",""NEDD4L ubiquitinates SMAD2/3"")","Orlic-Milacic, M",False,,,,,
Gene expression (Transcription),"=HYPERLINK(""https://reactome.org/content/detail/R-HSA-9008475"",""Proteasome degrades polyubiquitinated RUNX2"")",Signal Transduction,"=HYPERLINK(""https://reactome.org/content/detail/R-HSA-2179276"",""SMURF2 monoubiquitinates SMAD3"")","Orlic-Milacic, M",False,,,,,
Gene expression (Transcription),"=HYPERLINK(""https://reactome.org/content/detail/R-HSA-9008475"",""Proteasome degrades polyubiquitinated RUNX2"")",Signal Transduction,"=HYPERLINK(""https://reactome.org/content/detail/R-HSA-2186785"",""RNF111 ubiquitinates SMAD7"")","Orlic-Milacic, M",False,,,,,
Immune System,"=HYPERLINK(""https://reactome.org/content/detail/R-HSA-9645134"",""p-STAT5 dissociates from activator:STAT5 complex"")",Signal Transduction,"=HYPERLINK(""https://reactome.org/content/detail/R-HSA-452102"",""p-STAT5 dimerizes"")","Ray, KP",False,,,,,
Immune System,"=HYPERLINK(""https://reactome.org/content/detail/R-HSA-9645137"",""Activator phosphorylates STAT5"")",Signal Transduction,"=HYPERLINK(""https://reactome.org/content/detail/R-HSA-452102"",""p-STAT5 dimerizes"")","Ray, KP",False,,,,,
Signal Transduction,"=HYPERLINK(""https://reactome.org/content/detail/R-HSA-9653514"",""USP17L2 deubiquitinates RCE1"")",Immune System,"=HYPERLINK(""https://reactome.org/content/detail/R-HSA-5668534"",""cIAP1,2 ubiquitinates NIK in cIAP1,2:TRAF2::TRAF3:NIK"")","Garapati, P V",False,,,,,
Signal Transduction,"=HYPERLINK(""https://reactome.org/content/detail/R-HSA-9653514"",""USP17L2 deubiquitinates RCE1"")",Immune System,"=HYPERLINK(""https://reactome.org/content/detail/R-HSA-5668454"",""K63polyUb-cIAP1,2 ubiquitinates TRAF3"")","Garapati, P V",False,,,,,
Signal Transduction,"=HYPERLINK(""https://reactome.org/content/detail/R-HSA-9653514"",""USP17L2 deubiquitinates RCE1"")",Immune System,"=HYPERLINK(""https://reactome.org/content/detail/R-HSA-5668414"",""TRAF2 ubiquitinates cIAP1,2 in cIAP1,2:TRAF1:TRAF2:TRAF3:NIK"")","Garapati, P V",False,,,,,
Signal Transduction,"=HYPERLINK(""https://reactome.org/content/detail/R-HSA-9653514"",""USP17L2 deubiquitinates RCE1"")",Immune System,"=HYPERLINK(""https://reactome.org/content/detail/R-HSA-912627"",""CBL ubiquitinates PI3K"")","Ray, KP",False,,,,,
Signal Transduction,"=HYPERLINK(""https://reactome.org/content/detail/R-HSA-9653514"",""USP17L2 deubiquitinates RCE1"")",Immune System,"=HYPERLINK(""https://reactome.org/content/detail/R-HSA-202534"",""Ubiquitination of NEMO by TRAF6"")","de Bono, B",False,,,,,
Signal Transduction,"=HYPERLINK(""https://reactome.org/content/detail/R-HSA-9653514"",""USP17L2 deubiquitinates RCE1"")",Immune System,"=HYPERLINK(""https://reactome.org/content/detail/R-HSA-202453"",""Auto-ubiquitination of TRAF6"")","de Bono, B",False,,,,,
Signal Transduction,"=HYPERLINK(""https://reactome.org/content/detail/R-HSA-9653514"",""USP17L2 deubiquitinates RCE1"")",Immune System,"=HYPERLINK(""https://reactome.org/content/detail/R-HSA-937050"",""Pellino ubiquitinates hp-IRAK1"")","Shamovsky, V",False,,,,,
Signal Transduction,"=HYPERLINK(""https://reactome.org/content/detail/R-HSA-9653514"",""USP17L2 deubiquitinates RCE1"")",Immune System,"=HYPERLINK(""https://reactome.org/content/detail/R-HSA-936960"",""Activated TRAF6:p-IRAK2 interacts with TAK1 complex"")","Shamovsky, V",False,,,,,
Signal Transduction,"=HYPERLINK(""https://reactome.org/content/detail/R-HSA-9653514"",""USP17L2 deubiquitinates RCE1"")",Immune System,"=HYPERLINK(""https://reactome.org/content/detail/R-HSA-936947"",""Activated TLR4:TICAM1:K63pUb-TRAF6 recruits TAK1complex"")","Shamovsky, V",False,,,,,
Signal Transduction,"=HYPERLINK(""https://reactome.org/content/detail/R-HSA-9653514"",""USP17L2 deubiquitinates RCE1"")",Immune System,"=HYPERLINK(""https://reactome.org/content/detail/R-HSA-168915"",""K63-linked ubiquitination of RIP1 bound to the activated TLR complex"")","de Bono, B",False,,,,,
Signal Transduction,"=HYPERLINK(""https://reactome.org/content/detail/R-HSA-9653514"",""USP17L2 deubiquitinates RCE1"")",Immune System,"=HYPERLINK(""https://reactome.org/content/detail/R-HSA-177690"",""Activated TLR3:TRIF:K63pUb-TRAF6 recruits TAK1complex"")","Shamovsky, V",False,,,,,
Signal Transduction,"=HYPERLINK(""https://reactome.org/content/detail/R-HSA-9653514"",""USP17L2 deubiquitinates RCE1"")",Immune System,"=HYPERLINK(""https://reactome.org/content/detail/R-HSA-9014342"",""K63-linked ubiquitination of RIP1 bound to the activated TLR complex"")","de Bono, B",False,,,,,
Signal Transduction,"=HYPERLINK(""https://reactome.org/content/detail/R-HSA-9653514"",""USP17L2 deubiquitinates RCE1"")",Immune System,"=HYPERLINK(""https://reactome.org/content/detail/R-HSA-975118"",""TRAF6 ubiquitinqtes IRF7 within the activated TLR7/8 or 9 complex"")","Shamovsky, V",False,,,,,
Signal Transduction,"=HYPERLINK(""https://reactome.org/content/detail/R-HSA-9653514"",""USP17L2 deubiquitinates RCE1"")",Immune System,"=HYPERLINK(""https://reactome.org/content/detail/R-HSA-975097"",""Activated TRAF6:p-IRAK2 interacts with TAK1 complex upon TLR7/8 or 9 stimulation"")","Shamovsky, V",False,,,,,
Signal Transduction,"=HYPERLINK(""https://reactome.org/content/detail/R-HSA-9653514"",""USP17L2 deubiquitinates RCE1"")",Immune System,"=HYPERLINK(""https://reactome.org/content/detail/R-HSA-975122"",""Pellino ubiquitinates hp-IRAK1 upon TLR7/8 or 9 activation<br>"")","Shamovsky, V",False,,,,,
Signal Transduction,"=HYPERLINK(""https://reactome.org/content/detail/R-HSA-9653514"",""USP17L2 deubiquitinates RCE1"")",Immune System,"=HYPERLINK(""https://reactome.org/content/detail/R-HSA-741386"",""RIP2 induces K63-linked ubiquitination of NEMO"")","Jupe, S",False,,,,,
Signal Transduction,"=HYPERLINK(""https://reactome.org/content/detail/R-HSA-9653514"",""USP17L2 deubiquitinates RCE1"")",Immune System,"=HYPERLINK(""https://reactome.org/content/detail/R-HSA-688137"",""RIP2 is K63 polyubiquitinated"")","Jupe, S",False,,,,,
Signal Transduction,"=HYPERLINK(""https://reactome.org/content/detail/R-HSA-9653514"",""USP17L2 deubiquitinates RCE1"")",Immune System,"=HYPERLINK(""https://reactome.org/content/detail/R-HSA-990526"",""Recruitment of AIP4 and K48 ubiquitination of MAVS/IPS-1"")","Garapati, P V",False,,,,,
Signal Transduction,"=HYPERLINK(""https://reactome.org/content/detail/R-HSA-9653514"",""USP17L2 deubiquitinates RCE1"")",Immune System,"=HYPERLINK(""https://reactome.org/content/detail/R-HSA-936475"",""Negative regulation of DDX58/IFIH1 signaling by RNF216"")","Garapati, P V",False,,,,,
Signal Transduction,"=HYPERLINK(""https://reactome.org/content/detail/R-HSA-9653514"",""USP17L2 deubiquitinates RCE1"")",Immune System,"=HYPERLINK(""https://reactome.org/content/detail/R-HSA-918224"",""DDX58 is K63 polyubiquitinated"")","Garapati, P V",False,,,,,
Signal Transduction,"=HYPERLINK(""https://reactome.org/content/detail/R-HSA-9653514"",""USP17L2 deubiquitinates RCE1"")",Immune System,"=HYPERLINK(""https://reactome.org/content/detail/R-HSA-9645406"",""ALPK1:ADP-heptose:p-T9-TIFA oligomer:K63pUb-TRAF6 oligomer recruits MAP3K7 (TAK1)"")","Shamovsky, V",False,,,,,
Signal Transduction,"=HYPERLINK(""https://reactome.org/content/detail/R-HSA-9653514"",""USP17L2 deubiquitinates RCE1"")",Immune System,"=HYPERLINK(""https://reactome.org/content/detail/R-HSA-5607756"",""TRAF6 oligomer autoubiquitinates"")","Garapati, P V",False,,,,,
Signal Transduction,"=HYPERLINK(""https://reactome.org/content/detail/R-HSA-9653514"",""USP17L2 deubiquitinates RCE1"")",Immune System,"=HYPERLINK(""https://reactome.org/content/detail/R-HSA-5607757"",""K63polyUb-TRAF6 ubiquitinates TAK1"")","Garapati, P V",False,,,,,
Signal Transduction,"=HYPERLINK(""https://reactome.org/content/detail/R-HSA-9653514"",""USP17L2 deubiquitinates RCE1"")",Immune System,"=HYPERLINK(""https://reactome.org/content/detail/R-HSA-2730904"",""Auto-ubiquitination of TRAF6"")","Niarakis, A",False,,,,,
